preço;desconto;atendimento;reposição;sortimento;layout;conforto;limpeza
4,43;6,23;1,17;4,76;6,05;6,44;6,44;6,09
4,1;5,38;2,34;4,65;5,45;5,34;6,16;5,72
3,61;5,01;2,34;5,03;6,09;6,25;5,96;5,56
5,39;6,5;1,61;5,28;7,31;8,43;8,37;7,99
4,4;6,2;0,87;4,76;5,7;5,74;6,33;5,89
4,74;6,32;0,43;4,51;5,98;6,54;5,85;5,1
4,2;6,18;0,29;4,52;5,42;5,42;5,98;5,02
3,3;4,67;2,34;5,31;6,11;6,01;6,21;5,63
4,57;6,22;1,61;4,83;6,13;6,53;6,29;6,19
4,35;6,3;2,49;5,26;5,88;5,59;6,66;6,18
4,56;5,84;1,17;4,64;6,02;6,49;6,35;6,19
3,91;5,81;1,17;5,09;5,81;5,64;6,41;5,62
4,5;5,99;1,61;4,59;5,33;5,16;6,28;5,54
4,21;5,73;3,36;4,49;5,33;5,26;5,89;5,83
4,14;5,33;3,36;4,59;5,86;6,22;6,11;5,23
3,96;5,03;1,17;4,56;5,85;6,23;6,16;5,57
4,65;6,15;1,17;4,56;6,04;6,63;6,18;5,9
4,28;5,51;4,1;4,62;5,38;5,24;6,43;5,85
5,67;7,48;3,36;4,67;6,6;7,63;7,32;7,21
4,38;6,15;1,46;5,13;6,5;6,98;6,99;6,05
4,59;5,62;0,43;4,51;5,58;5,74;6,6;6,28
4,67;6,61;2,49;4,49;5,63;5,87;5,88;5,6
4,12;5,71;1,75;4,71;5,53;5,45;6,01;5,71
4,31;6,26;1,31;4,62;5,53;5,53;5,96;5,19
3,63;4,64;0,87;4,69;5,57;5,56;6,27;5,37
4,66;6,65;1,46;4,75;5,86;6,07;6,26;5,83
4,22;5,33;1,02;4,59;5,94;6,4;6,07;5,18
4;5,55;3,66;4,67;5,39;5,2;5,98;5,24
3,89;5,34;1,02;4,88;5,63;5,48;6,5;5,66
4,6;6,47;2,49;4,56;5,24;5,02;6,01;5,39
4,65;6,51;0,58;4,5;5,78;6,17;6,23;6,2
4,71;6,22;0,58;4,51;5,85;6,29;6,28;6,07
4,65;5,96;1,9;4,59;6,17;6,86;6,23;5,32
4,02;5,26;2,92;5,11;6,11;6,21;6,39;5,66
4,07;5,16;0,43;4,55;5,63;5,8;6,03;5,07
4,22;6,19;2,19;4,7;5,35;5,11;5,93;5,1
4,63;6,61;1,75;4,48;5,46;5,54;5,93;5,83
4,03;5,6;0,43;4,78;5,67;5,66;6,09;5,57
3,64;5,01;1,61;4,93;5,94;6,06;6,09;6,03
3,37;4,56;1,46;5;5,44;4,98;6,09;5,72
3,89;5,66;0,73;4,79;5,26;4,83;5,99;5,73
4,72;6,06;0,58;4,59;6,23;6,97;6,31;5,86
4,8;6,63;1,46;4,77;6,17;6,67;6,36;5,45
3,97;5,08;1,61;5,13;6,54;7,05;6,59;5,98
4,9;6,52;3,36;5,44;6,9;7,46;7,08;6,13
4,36;5,6;1,75;4,48;6,01;6,63;5,94;5,35
4,24;5,6;3,95;5,26;6,1;6,04;7,11;6,62
4,53;6,37;0,43;4,48;5,6;5,83;5,85;5,22
4,7;6,5;1,61;4,5;6,04;6,68;5,98;5,27
4,1;5,25;0,58;4,51;5,75;6,08;5,95;5,37
3,96;5,83;1,75;4,62;5,28;5,04;5,92;5,12
2,94;3,98;0,73;5;5,56;5,23;5,89;5,87
4,07;5,32;2,05;5,05;6,5;7,05;6,58;5,78
5,38;7,31;2,49;4,9;6,71;7,61;6,82;5,89
4,42;5,71;2,78;4,77;5,92;6,17;6,71;6,42
4,6;6,4;1,75;4,48;5,94;6,49;6,04;5,52
3,77;4,96;1,02;4,79;5,5;5,32;6,48;5,66
4,18;5,66;1,17;4,53;5,89;6,35;5,95;5,82
4,39;6,06;1,17;4,62;5,91;6,29;6,09;5,45
3,95;5,71;1,46;4,67;5,39;5,21;6,27;5,55
4,34;6,01;1,61;4,61;5,38;5,24;5,91;5,74
3,9;5,02;1,17;4,75;5,49;5,33;6,07;6,04
3,8;5,03;1,61;4,68;5,49;5,4;6,13;5,91
4,53;6,5;1,61;4,48;5,21;5,05;6,16;5,8
3,9;5,75;1,31;4,63;5,29;5,04;5,95;5,34
4,22;5,81;1,9;4,76;5,76;5,85;6,2;5,2
4,44;5,62;2,78;4,58;5,88;6,27;5,91;5,56
4,03;5,46;2,92;4,9;5,76;5,71;6,38;5,58
4,63;6,44;1,31;4,75;5,81;5,97;6,17;5,81
4,59;5,82;0,29;4,53;5,64;5,84;6,35;5,98
4,4;5,8;0,58;4,65;5,94;6,34;5,99;5,16
5,08;7,05;1,9;4,98;6,49;7,1;7,13;6,24
4,11;5,84;1,17;4,59;5,78;6,07;6,01;5,53
4,09;6,04;1,61;4,92;5,96;6,1;6,13;6
4,38;5,89;0,87;4,7;6,29;6,98;6,19;5,68
4,59;6,25;0,29;4,57;5,71;5,96;5,97;5,81
4,29;5,75;0,73;4,89;5,96;6,12;6,98;6,44
4,56;5,85;0,87;4,7;6,23;6,87;6,09;5,24
4,48;5,98;1,61;4,5;5,47;5,55;5,91;5,45
4,42;5,76;1,31;4,54;6;6,56;5,91;5,63
3,82;5,14;1,75;4,68;5,3;5,01;6,04;5,82
5,5;6,93;3,07;4,59;6,38;7,27;6,68;6,2
4,94;6,76;3,22;4,99;6,62;7,35;6,71;6,03
3,98;5,72;1,31;4,57;5,35;5,23;5,96;5,5
4,16;5,59;0,29;4,53;5,71;5,98;6,23;5,23
4,39;5,57;1,75;4,57;5,71;5,94;6,01;5,51
4,52;5,72;0,58;4,68;6,22;6,85;6,07;5,43
4,48;5,99;1,17;5,08;6,34;6,71;6,62;6,14
4,04;5,27;1,46;4,5;5,34;5,28;6,16;5,76
5,08;6,68;2,78;4,56;6,06;6,65;6,33;5,9
4,52;6,43;0,73;4,55;5,55;5,66;6,27;6,25
4,3;5,71;1,46;4,85;6,07;6,39;5,95;5,9
4,49;5,94;0,43;4,61;6,21;6,91;6,15;6,07
4,69;6,45;2,34;4,8;6,05;6,39;7;6,22
4,51;5,87;3,66;4,93;6,26;6,7;6,21;5,54
4,61;6,12;1,75;4,75;6,18;6,7;6,2;5,8
4,45;6,05;1,17;4,6;5,78;6,06;6,07;5,17
4,35;6,13;1,9;4,92;6,29;6,76;6,06;5,44
4,02;5,37;0,87;4,76;6,09;6,53;6,24;5,27
3,71;5,04;0,29;4,77;5,66;5,64;5,97;5,05
4,65;6,06;1,61;4,63;6;6,46;6,3;6,21
3,99;5,37;1,17;4,54;5,48;5,52;5,95;5,12
4,36;6;1,61;4,72;5,79;5,97;6,03;5,27
4,11;5,49;0,73;4,54;5,83;6,21;5,89;5,65
3,6;4,61;1,61;4,84;5,67;5,61;6,05;5,79
4,38;5,89;1,75;4,53;5,77;6,1;6,27;5,72
4,36;6,06;0,29;4,54;5,85;6,26;5,93;5,09
3,1;4,25;1,31;5,27;5,62;5,07;6,24;5,3
4,15;5,38;2,34;4,59;5,87;6,25;5,99;5,76
3,97;5,92;0,29;4,62;5,33;5,13;6,07;5,62
4,22;5,78;0,43;4,5;5,59;5,78;6,28;5,73
4,27;5,89;0,58;4,55;5,63;5,82;6,14;5,41
4,91;6,19;2,34;4,92;6,59;7,36;6,73;5,76
4,37;5,72;1,75;4,59;5,64;5,79;6,1;5,25
4,05;5,94;3,36;4,66;5,26;4,97;6,06;5,28
4,15;5,89;1,17;4,65;5,6;5,65;6,04;5,75
3,91;5,61;1,46;5,46;6,54;6,72;6,57;5,77
3,48;4,54;0,58;5,41;6,1;5,89;7,02;6,9
4,21;5,45;1,46;4,63;5,73;5,93;6,01;5,4
4,08;5,23;0,29;4,64;6,18;6,82;6,19;6,09
4,24;5,81;1,17;4,53;5,98;6,54;5,87;5,3
4,86;6,67;0,58;4,51;5,76;6,11;6,25;5,63
3,64;5,36;0,29;4,58;5,15;4,83;5,97;5,87
4,17;5,43;0,29;4,52;5,46;5,51;5,96;5,73
5,22;7,14;4,24;4,55;6,14;6,82;6,27;5,81
3,59;4,78;1,17;5,18;5,8;5,52;6,45;6,32
4,65;6,46;3,66;4,68;5,49;5,41;6,36;5,91
4,92;6,37;2,78;4,54;5,9;6,37;6,23;6,14
4,04;5,24;1,17;4,59;5,19;4,9;5,99;5,03
4,76;6,43;1,17;4,5;5,84;6,28;5,86;5,28
4,43;5,7;0,29;4,49;5,78;6,17;5,92;5,42
5,85;7,24;1,17;4,81;6,95;8,19;7,72;7,2
4,11;5,5;1,75;4,53;5,24;5,05;6;5,09
4,53;6,35;0,73;4,59;6,09;6,68;6,05;6,01
3,99;5,78;1,46;4,75;5,77;5,9;6,12;6,06
4,43;6,19;3,95;4,76;5,79;5,93;6,17;5,59
5,72;6,8;3,51;5,16;7,4;8,74;8,03;7,2
4,47;6,29;1,46;4,56;6,08;6,7;5,95;5,7
4,07;5,3;1,17;4,81;5,56;5,4;6,44;5,93
5;6,17;4,1;5,19;6,53;6,98;7,38;7,07
4,75;6,43;1,17;5,14;6,16;6,28;7,47;7,27
3,89;5,25;1,02;5,33;6,38;6,54;7,08;6,35
4,23;5,95;1,46;5,26;6,62;7,08;6,48;6,3
4,09;5,38;1,17;4,66;5,64;5,72;5,92;5,28
4,24;5,96;0,73;4,51;5,3;5,19;5,97;5,39
4,25;5,84;2,63;4,48;5,71;6,05;5,86;5,69
4,11;5,59;0,43;4,49;5,39;5,38;5,96;5,7
4,75;6,62;1,61;4,49;5,87;6,35;5,86;5,75
3,72;5,46;0,29;4,58;5,12;4,77;5,93;5,03
4,06;5,15;0,87;4,6;5,55;5,6;6,14;5,89
4,25;6,1;0,87;4,57;5,39;5,3;6,34;6,27
2,76;4,19;3,22;6,51;6,68;5,94;6,96;6,37
4,58;6,14;0,87;4,81;6,05;6,4;6,3;5,88
4,26;5,34;2,63;4,5;5,42;5,43;5,92;5,52
3,97;5,02;0,73;4,72;6,06;6,49;6,19;5,28
3,53;4,55;2,63;5,51;6,45;6,49;7,08;6,42
5,54;7,51;2,78;5,18;7,15;8,22;7,76;7,06
4,27;5,91;0,73;5,05;6,12;6,29;7,11;6,23
4,13;5,4;0,73;4,77;5,9;6,13;5,92;5,33
4,04;5,29;0,43;4,55;5,5;5,56;6,03;5,38
4,14;5,22;2,19;4,57;5,51;5,56;6,05;5,22
4,39;5,68;0,43;4,95;6,13;6,4;6,63;6,57
4,52;5,77;2,34;4,71;5,98;6,34;6,44;5,55
4,29;6,18;0,58;4,59;5,42;5,36;6,22;5,9
4,42;5,57;0,43;4,94;6,26;6,68;6,62;6,1
3,85;5,15;1,17;4,93;5,73;5,63;6,15;5,52
4,41;5,51;1,9;4,64;6,35;7,15;6,41;5,43
4,51;6,43;1,17;4,52;5,19;4,95;6,07;5,75
4,14;5,49;0,29;4,6;6,12;6,73;5,95;5,88
4,24;5,74;1,31;5,13;6;5,97;6,67;6,38
4,22;5,74;2,63;4,66;5,87;6,17;5,95;4,97
4,38;5,73;0,43;4,49;5,66;5,94;5,85;5,12
5,62;7,37;1,75;4,62;6,46;7,41;6,94;6,23
4,11;5,12;1,31;4,63;6,04;6,56;6,13;5,26
3,78;4,81;0,29;4,55;5,58;5,71;6,09;5,34
3,8;5,1;0,29;4,53;5,1;4,78;5,92;5,32
4,28;5,9;1,9;4,56;5,2;4,94;5,86;5,57
4,31;5,97;0,43;4,87;5,97;6,17;6,06;5,96
4,48;6,17;1,17;4,54;5,78;6,12;5,99;5,96
5,04;6,74;0,73;4,5;5,6;5,81;6,6;6,08
4,44;5,71;1,31;4,59;5,65;5,81;6,14;6,06
4,48;5,7;2,63;4,61;5,88;6,24;6,08;5,44
3,82;5,06;1,31;4,67;5,84;6,11;5,99;5,04
4,52;6,2;2,63;4,73;5,55;5,47;6,41;5,78
4,72;6,11;1,02;4,62;6,19;6,86;6,06;5,53
4,06;6,04;1,46;4,58;5,25;5,02;6,03;5,51
4,55;5,81;3,95;4,7;5,93;6,27;6,35;5,73
3,68;5,42;2,05;5,16;5,89;5,72;6,07;5,89
4,07;5,29;2,34;4,67;5,83;6,09;6,12;5,56
4,52;6,4;1,75;4,91;6;6,19;6,04;6
3,8;5,23;1,02;4,59;5,16;4,84;5,96;5,31
0,67;1,74;2,92;8,84;8,68;7,61;7,67;6,77
4,93;6,77;3,8;4,6;5,98;6,45;6,53;5,8
4,57;6,26;0,58;4,49;5,93;6,47;5,98;5,37
4,25;5,9;0,43;4,94;6,05;6,26;6,22;5,89
4,05;5,57;0,87;4,48;5,58;5,77;5,86;5,16
5,16;7;2,05;4,56;5,73;5,99;6,75;5,96
5,23;6,7;3,22;4,8;6,61;7,52;7,28;7,09
3,91;5,83;0,43;4,75;5,37;5,09;5,91;5,22
2,5;3,88;2,49;6,51;7,12;6,84;6,85;6,2
3;4,21;1,46;5,45;6,23;6,11;6,13;6,02
3,92;5,61;0,29;4,59;5,29;5,08;6,05;5,45
4,29;6,08;1,17;4,7;5,97;6,35;6,16;5,41
4,4;5,94;2,49;4,58;5,26;5,03;6,2;5,9
4,07;5,55;0,87;5,35;6,88;7,5;6,78;6,53
3,8;5,19;0,58;4,57;5,34;5,21;6;5,45
4,14;5,63;2,49;4,55;5,49;5,52;6,13;5,83
4,24;5,48;0,87;4,55;5,7;5,94;5,96;5,43
4,58;5,71;0,87;4,53;5,91;6,39;6,54;5,86
4,73;6,67;3,51;4,56;5,83;6,2;5,89;5,65
4,2;5,92;1,46;4,66;5,88;6,21;5,98;5,53
2,86;4,27;2,05;7,57;8,52;8,56;8,45;8,28
5,13;6,97;1,17;5,06;6,78;7,6;7,77;6,93
4,3;5,81;0,87;4,65;6,03;6,51;5,88;5,48
4,73;5,84;1,46;4,5;6,1;6,79;6,19;6,01
4,16;5,88;1,17;4,63;5,27;5;6,14;5,46
4,42;5,89;0,43;4,48;5,98;6,58;5,86;5,7
4,34;6,27;0,73;4,52;5,51;5,6;5,98;5,32
3,89;5,46;0,87;4,57;5,58;5,69;5,92;5,73
3,75;4,98;1,61;5,53;6,15;5,87;7,01;6,19
3,75;5,02;0,58;4,49;5,29;5,2;6,09;6,08
3,47;4,93;1,46;5,65;6,81;7,06;6,4;6,03
4,31;6,31;3,07;4,89;6,05;6,32;6,11;5,67
4,34;6,31;1,46;4,54;5,39;5,34;5,93;5,43
5,91;7,78;0,73;6,21;8,36;9,62;9,95;9,83
3,97;5,39;0,87;5,43;6,52;6,72;6,66;5,93
4,75;6,39;1,46;4,6;6,02;6,53;6,22;5,33
4,23;5,28;2,19;4,72;5,68;5,74;6,21;5,95
3,86;5,86;1,17;5,87;6,83;6,9;6,53;5,82
5,25;6,92;1,17;4,55;5,95;6,45;7,01;6,11
4,38;5,57;2,49;4,88;6,24;6,7;6,32;5,5
4,3;6,21;0,58;4,54;5,45;5,46;6,15;5,49
4,5;5,93;1,75;5,04;6,4;6,85;7,21;6,51
3,69;5,63;0,43;4,79;5,27;4,85;5,91;5,1
3,81;4,9;1,31;4,48;5,2;5,01;5,92;4,92
4,43;5,65;0,73;4,57;6,05;6,64;5,86;5,84
4,53;6,29;1,31;4,71;5,63;5,65;6,24;5,98
4,34;5,82;3,51;4,49;5,28;5,17;6,12;5,54
3,95;5,11;2,19;4,56;5,45;5,44;5,91;5,35
4,47;5,65;2,05;4,62;6,14;6,76;5,97;5,15
3,86;5,36;1,61;4,55;5,42;5,39;5,92;5,48
4,09;5,19;0,87;4,65;5,59;5,63;6,06;5,29
4,36;6,22;1,9;4,87;6,07;6,37;6,29;5,98
4,1;5,76;0,87;4,61;5,49;5,47;6,1;5,92
4,07;5,83;1,9;4,61;5,22;4,92;5,96;5,01
2,59;3,71;1,46;7,66;8,58;8,61;8,07;7,22
4,37;5,43;2,78;4,54;6,04;6,65;6;5,12
4,16;5,63;0,87;4,5;5,14;4,88;5,88;4,98
4,41;6,1;2,49;4,67;6,13;6,69;6,08;5,59
4,09;5,17;0,29;4,6;5,91;6,31;5,9;5,45
3,68;4,85;0,58;4,64;5,26;4,97;6,15;5,81
4,15;6,05;1,31;4,86;6,16;6,55;6,08;5,39
3,99;5,59;3,22;5,77;7,01;7,36;7,25;6,72
3,72;5,5;2,05;5,32;5,81;5,39;6,35;5,72
4,38;5,69;0,73;4,53;5,97;6,51;5,93;5,01
4,73;5,76;0,29;4,75;6,44;7,22;6,63;6,12
4,53;5,83;1,9;4,77;6,47;7,28;6,5;6,41
4,13;5,54;0,73;4,51;5,2;4,99;5,97;5,51
4,23;5,4;1,46;4,65;5,7;5,85;6,22;5,88
4,16;5,98;0,87;4,6;5,41;5,31;6,26;5,65
4,01;5,07;1,02;4,53;5,6;5,77;5,95;5,85
3,97;5,49;2,34;4,58;5,38;5,28;5,96;5,14
4,8;6,53;0,43;5,01;6,46;7,02;7,04;6,58
4,65;6,46;1,02;4,51;5,56;5,71;6,44;5,77
4,65;6,18;1,46;4,71;6,06;6,51;6,39;6,3
3,81;5,14;1,02;4,99;6,34;6,79;6,06;5,46
4,4;5,9;1,31;4,74;5,94;6,23;6,04;6
4,59;6;0,87;4,57;6,09;6,71;6,04;5,66
4,21;5,79;2,19;4,56;5,73;6;5,9;5,49
4,01;5,33;0,58;4,71;5,66;5,71;6,13;5,18
4,91;6,33;1,46;5,3;6,82;7,45;8,18;7,96
5;6,04;2,34;4,82;6,57;7,41;6,78;5,8
4,51;5,62;1,61;4,53;5,71;5,99;6,43;5,76
4,68;6,31;2,05;4,52;5,54;5,65;6;5,74
4,95;6,76;0,87;4,51;6;6,59;6,03;5,25
5,39;6,89;3,8;4,74;6,07;6,51;7,26;6,34
3,95;5,7;2,78;4,87;5,59;5,41;6,01;5,48
4,55;6,07;1,17;4,81;6,22;6,72;6,03;5,67
4,45;6,03;1,31;4,97;6,27;6,67;6,42;6,06
4,04;5,4;0,87;4,54;5,53;5,62;6,33;5,47
4,2;6,19;0,43;4,52;5,27;5,12;5,97;5,24
4,27;5,37;0,58;4,48;5,79;6,2;6,03;5,24
4,14;5,89;0,87;5,63;6,67;6,81;7,07;6,74
5,34;7,17;1,31;5,14;6,63;7,22;7,64;7,51
4,58;6,54;1,75;4,52;5,39;5,36;6,31;5,84
3,93;5,04;1,31;4,63;5,42;5,32;5,97;5,75
4,22;5,98;1,31;4,59;5,65;5,82;6,01;5,95
4,96;6,56;0,87;4,64;6,08;6,62;6,61;6,58
3,7;5,03;0,29;4,47;5,08;4,79;5,91;5,68
4,61;6,6;1,31;4,5;5,82;6,24;5,86;4,92
4,4;5,93;0,43;4,5;5,61;5,83;5,99;5
4,6;6,15;1,02;4,65;6,09;6,63;5,97;5,49
3,97;5,08;2,63;5,48;6,46;6,54;6,7;6,69
4,62;6,16;0,58;4,65;6,1;6,65;6,07;5,99
4,01;5,67;1,02;4,5;5,47;5,55;5,84;5,64
4,87;6,86;2,34;5,18;6,35;6,61;6,91;6,68
4,41;5,55;2,05;4,62;5,92;6,31;6,03;5,63
4,28;6,27;0,43;5,62;6,33;6,15;7,23;6,86
3,56;5,04;1,9;4,8;5,35;5;6,18;5,26
5,08;6,87;0,43;5,14;6,48;6,93;7,51;7,32
3,92;4,98;0,73;5,04;6,52;7,11;6,35;5,78
1,85;3,83;2,34;7,88;7,78;6,78;7,81;7,01
4,03;5,68;3,22;5,46;6,46;6,57;6,47;6,36
4,02;5,23;2,05;4,82;5,74;5,76;5,97;5,54
3,61;5,06;0,58;4,84;5,52;5,3;6,12;5,9
4,88;6,85;2,63;4,82;5,72;5,73;6,54;6,36
3,59;4,83;1,61;4,61;5,22;4,94;6,12;5,23
4,22;6,1;2,78;5,01;6,35;6,78;6,21;5,84
4,13;6,04;1,46;4,7;5,46;5,32;6,14;5,67
4,34;6,16;2,34;5,04;6,23;6,52;6,23;5,98
5,21;7,17;2,63;4,66;5,83;6,1;7,29;6,81
4,37;5,94;4,1;4,86;5,59;5,42;6,12;5,19
4,38;5,6;0,29;4,53;6,07;6,71;5,92;5,58
3,74;4,82;0,58;4,5;5,07;4,74;5,93;5,45
3,7;4,91;0,43;4,6;5,45;5,39;6,01;5,23
4,2;5,42;3,66;5,04;6,08;6,22;6,45;5,62
4,41;6,2;0,43;4,7;5,84;6,09;6,25;6,17
3,66;4,94;4,1;7,83;8,76;8,79;9,35;9,09
4,32;6,13;0,43;4,52;5,2;4,98;6,03;5,28
3,98;5,97;0,29;4,53;5,18;4,92;5,93;4,93
4,24;5,27;0,73;4,6;6,02;6,54;6,04;5,76
5,04;6,92;0,73;4,55;6,01;6,58;6,24;5,55
4,16;5,57;0,29;4,56;5,98;6,51;5,99;5,79
4,41;5,74;2,63;4,68;5,67;5,77;6,57;6,18
4,82;6,58;0,58;4,54;5,93;6,42;6,23;5,61
4,11;5,53;1,02;4,56;5,68;5,91;6,14;5,65
6,76;8,47;3,36;4,64;6,65;7,76;8,61;7,89
3,57;4,99;2,63;5,44;6,01;5,67;6,59;5,81
4,28;5,55;0,73;4,64;5,93;6,33;6,08;6,04
4,48;6,4;2,78;5,24;6,78;7,43;6,79;6,17
4,16;5,47;1,46;4,54;5,9;6,36;5,99;5,36
3,36;4,68;2,19;5,77;6,18;5,7;6,72;6,06
3,99;5,12;2,19;4,52;5,64;5,87;6,03;5,18
6,38;7,77;2,19;4,96;7,09;8,32;8,97;8,96
4,07;5,13;0,58;4,96;6,17;6,47;6,91;6,57
4,12;5,56;0,58;4,68;6,06;6,54;6,11;5,12
4,01;5,77;1,61;4,72;5,36;5,09;6,01;5,22
5,31;7,29;1,02;4,78;6,67;7,66;7,31;6,34
3,07;4,61;0,29;5,43;6,18;6,02;6,22;5,84
4,57;6,01;0,43;4,57;5,96;6,44;5,97;5,37
4,9;6,52;1,9;4,85;6,44;7,13;6,61;6,15
5,71;7,05;3,66;5,14;7,19;8,35;7,61;7,47
5,01;6,61;3,07;4,65;6,11;6,67;6,22;5,73
4,37;5,61;3,95;4,55;5,6;5,75;6,41;6,22
3,64;4,85;0,58;4,49;5,13;4,86;5,93;5,24
4,5;6,44;1,9;4,64;5,68;5,82;6,62;6,44
4,08;5,48;0,43;4,93;5,89;5,95;6,2;5,44
4,53;6,43;1,61;4,59;5,48;5,46;5,91;5,8
4,31;6,18;1,61;4,62;5,54;5,56;5,99;5
3,96;5,17;0,43;4,73;5,47;5,31;6,28;5,34
5,24;7,1;0,43;4,59;5,95;6,41;6,92;6,06
3,91;5,15;1,61;5,26;6,29;6,42;6,86;5,86
3,59;4,76;0,29;4,52;5,11;4,79;5,91;5,06
4,01;5,69;1,02;4,76;5,54;5,41;6,5;5,62
3,82;4,86;1,17;4,62;5,93;6,34;5,99;5,18
3,89;5,46;1,31;4,53;5,43;5,43;5,91;5,89
3,98;5,14;3,51;4,78;5,69;5,7;5,93;5,19
3,9;5,05;1,02;4,58;5,18;4,89;5,92;5,31
4,44;5,64;2,05;4,5;5,59;5,77;6,02;5,17
5,54;6,61;2,34;5,38;7,58;8,88;8,14;7,74
3,98;5,23;0,73;4,87;6,16;6,55;6,22;5,38
3,68;4,74;1,75;4,83;5,43;5,13;6,13;5,87
3,91;5,51;0,73;4,89;5,9;6,01;6,06;5,97
4,4;5,55;2,19;4,55;5,79;6,12;6,29;5,99
4,39;5,86;0,29;5,27;6,71;7,25;6,61;5,69
5,03;6,36;3,66;4,82;6,47;7,21;6,55;6,54
4,2;5,37;0,29;4,65;5,64;5,74;6,05;5,65
4,69;6,59;1,61;4,78;6,01;6,34;6,17;5,91
4,09;6,02;0,58;4,5;5,36;5,32;6,04;5,26
5,08;6,51;1,61;5,08;6,65;7,33;7,48;6,71
4,17;6,03;0,73;4,66;5,57;5,59;6,39;6,19
4,17;5,3;3,8;4,61;5,26;5,02;6,21;5,96
4,57;5,8;1,46;4,72;5,9;6,18;6,74;6,17
4,59;6,1;1,9;4,51;5,91;6,41;6,47;6,36
4,47;6,45;0,87;4,53;5,65;5,88;5,89;5,63
4,52;6,04;0,43;4,64;6,02;6,51;6,2;5,5
3,63;5,41;0,73;5,65;6,38;6,22;6,73;6,13
4,69;6,51;3,66;4,57;5,83;6,19;6,36;5,83
4,1;5,8;0,43;4,55;5,39;5,33;6;5,46
4,4;6,02;0,29;4,5;5,93;6,47;5,91;5,78
3,63;4,63;2,78;6,04;6,86;6,78;7,45;7,09
3,5;4,53;0,58;4,51;5,24;5,06;5,87;5,2
3,35;4,6;2,92;5,55;6,23;6;6,34;6,06
4,77;6,75;0,87;4,48;5,61;5,84;5,95;5,73
4,46;6,13;1,9;4,61;5,78;6,06;6,44;6,36
2,67;3,73;0,58;5,94;6,63;6,43;6,52;5,83
3,78;5,44;1,75;5,52;6,83;7,25;6,56;6,05
4,02;5,06;2,92;4,66;5,63;5,69;6,26;5,51
4,41;5,54;4,1;4,47;5,5;5,64;5,93;5,4
4,5;5,88;0,87;5,05;6,61;7,27;6,69;6,58
3,76;5,35;0,29;4,77;5,62;5,57;6,1;5,93
5,53;6,92;0,58;4,59;6,54;7,59;7,64;7,58
4,57;6,53;1,02;4,49;5,22;5,06;6,08;6,05
3,17;4,69;0,29;5,59;6,15;5,8;5,96;5,36
4,64;6,41;0,29;4,59;5,89;6,3;5,89;5,71
4,22;5,38;0,87;4,53;5,48;5,54;6,67;5,87
4,11;5,25;0,43;4,55;5,64;5,83;6,25;5,43
4,73;6,67;2,78;4,5;5,77;6,15;6,17;5,19
4,07;5,61;1,61;4,65;5,23;4,91;5,96;4,97
3,58;4,77;0,87;4,51;5,24;5,06;5,98;5,19
3,63;5,53;0,43;4,89;5,55;5,32;6,13;5,86
3,78;5,48;2,34;6,03;6,69;6,46;7,51;6,6
4,17;5,83;0,58;4,62;5,83;6,14;5,97;5,78
4,64;5,73;0,87;4,55;6,13;6,8;6,18;5,41
4,74;6,61;0,29;4,99;6,77;7,65;6,88;6,76
4,31;5,84;1,46;4,76;6,28;6,9;6,11;5,34
3,73;5,02;1,17;4,58;5,32;5,15;5,99;5,92
3,26;5,19;0,43;5,52;6,11;5,79;5,96;5,52
4,12;5,17;0,29;4,55;5,72;6;6,07;5,48
4,6;6,21;1,75;4,53;5,5;5,58;6,51;6,14
4,54;6,07;0,58;4,49;6,15;6,91;6,19;5,38
4,06;5,9;0,29;4,88;6,08;6,38;5,94;5,3
4,53;6,12;2,63;4,52;6,05;6,69;6,14;6,12
4,52;6,34;0,43;4,5;5,66;5,93;6,25;5,42
3,43;4,68;0,29;5,02;5,42;4,92;6,07;5,99
3,72;5,53;2,78;4,94;5,48;5,12;6,1;5,72
3,2;4,96;2,05;5,87;6,72;6,67;6,6;6,35
3,39;4,83;1,02;5,08;5,58;5,18;6,15;5,88
4,76;6,62;2,19;4,56;5,85;6,24;6,13;6,02
4,28;5,9;1,02;5,01;6,3;6,7;6,58;5,77
4,73;6,13;1,46;4,98;6,42;6,96;7,05;6,29
4,19;5,57;0,73;4,89;6,11;6,42;6,23;6,12
3,96;5,35;2,34;4,6;5,16;4,83;6;5,89
4,83;6,75;0,58;4,69;6,22;6,86;6,08;5,9
4,51;6,12;0,87;4,61;5,99;6,47;6,03;5,25
4,66;5,66;2,34;4,78;6,27;6,86;6,37;6,32
4,53;5,68;3,66;4,81;6,14;6,57;6,24;5,8
4,68;6,43;0,29;4,59;6,17;6,86;6,24;5,26
4,46;5,86;2,49;4,69;6,24;6,9;6,17;6,15
4,8;6,28;0,73;4,5;5,98;6,56;6,04;5,71
3,89;5,19;1,31;4,57;5,57;5,68;5,91;4,94
4,15;5,45;0,73;4,74;5,72;5,8;6,02;5,75
3,68;4,75;2,78;5,46;6,02;5,69;6,61;6,21
4,58;6,25;3,07;4,56;5,8;6,14;6,01;5,72
4,01;5,84;2,34;5,31;6,09;5,96;6,85;6,14
4,42;6,39;1,46;4,98;5,83;5,79;6,49;6,28
4,1;5,96;2,05;5,08;5,71;5,44;6,18;5,37
4,54;6,11;2,19;4,56;5,64;5,81;6,01;5,81
4,09;6,01;1,9;4,87;5,73;5,7;6,28;5,4
4,53;5,85;4,24;5,7;7,23;7,86;7,14;6,78
2,89;4,01;1,61;7,5;8,64;8,89;8,45;8,34
4,3;6,28;0,29;4,73;5,97;6,3;5,92;5,61
4,4;5,86;1,46;4,54;5,86;6,29;6,3;6,03
3,79;5,63;2,49;5,55;6,12;5,78;6,81;6,08
4,48;5,62;1,9;5,11;6,68;7,35;7,29;7,02
4,15;5,87;0,43;4,5;5,44;5,47;6;5,93
4,34;6,25;4,83;4,75;5,75;5,84;6,01;5,21
3,56;5,35;1,02;4,97;5,41;4,95;5,92;5,83
4,31;6,02;1,17;4,54;5,96;6,48;5,89;5,36
4,34;6,22;3,95;5,39;6,29;6,28;6,45;5,49
3,74;4,78;0,43;4,69;6,13;6,67;5,93;5,19
4,43;6,24;1,17;4,53;5,48;5,52;6,14;5,71
4,53;6,46;1,17;4,66;6,04;6,53;6,02;5,13
3,99;5,77;2,78;4,51;5,17;4,94;5,88;5,51
4,19;5,35;1,31;4,92;6,07;6,31;6,31;5,93
4,17;6,03;1,31;4,6;5,77;6,04;6,01;5,04
4,13;5,95;1,61;4,73;5,74;5,85;6,04;5,74
4,62;6,46;1,75;4,51;5,94;6,47;6,3;5,55
4,52;6,14;0,29;4,52;5,6;5,79;6,09;5,66
5,25;6,85;0,58;4,74;6,45;7,26;7,27;6,94
4,76;6,71;1,75;4,71;5,89;6,17;6,57;6,32
4;5,12;1,61;5,01;6,29;6,67;6,7;5,97
4,94;6,43;0,73;4,51;6,11;6,82;6,11;5,13
3,95;5,09;1,46;4,56;5,82;6,19;6;5,91
3,98;5,84;2,19;4,74;5,34;5,04;6,07;5,4
2,78;3,94;0,43;5,64;6,33;6,11;6,24;5,85
3,55;5,43;1,75;5,11;5,7;5,4;6,24;5,93
4,54;5,66;2,34;5,15;6,33;6,61;7,62;7,43
4,39;5,4;2,05;4,49;6,02;6,65;5,85;4,95
4,88;6,38;2,34;4,53;6,09;6,76;6,01;5,92
5,08;6,6;0,87;4,67;6,42;7,26;6,54;5,59
4,09;5,4;1,31;4,59;5,52;5,54;6,1;5,1
3,71;4,86;0,43;4,48;5,41;5,43;5,86;5,47
3,97;5,46;0,87;4,54;5,48;5,53;5,9;5,17
4,69;6,06;1,46;4,87;6,37;6,97;6,53;5,83
5,09;6,48;0,43;4,56;6,34;7,21;6,49;6,19
4,28;5,8;1,61;4,55;5,42;5,39;5,89;5,45
4,93;6,9;1,46;4,56;6,3;7,14;6,45;5,84
4,52;6,06;0,87;4,49;5,5;5,6;6,01;5,15
4,84;6,74;0,58;4,72;6,12;6,63;6,93;6,52
4,23;5,59;0,29;4,51;5,54;5,68;6,01;5,97
4,5;6,1;1,75;4,65;5,53;5,51;6,55;6
4,41;5,88;1,02;4,83;5,92;6,1;6,53;6,13
3,72;5,19;0,87;4,65;5,51;5,46;5,95;5,75
3,79;5,51;0,43;5;6,32;6,73;5,97;5,67
4,68;6,47;2,05;4,76;5,71;5,75;6,74;6,14
3,8;4,86;0,58;4,52;5,43;5,45;6,09;5,66
4,65;6,18;1,02;4,47;5,86;6,35;6,01;5,59
3,23;4,65;1,46;6,45;7,56;7,77;7,19;6,43
4,4;5,53;4,1;5,06;6,53;7,1;6,6;5,87
4,31;5,89;0,58;4,52;6,05;6,69;5,94;5,49
3,83;5,11;0,43;4,96;5,76;5,65;6,7;6,43
4,23;5,66;2,49;4,53;5,28;5,14;5,98;5,35
4,21;5,6;0,73;4,57;5,66;5,85;6,13;6
4,36;6,17;3,51;4,96;5,76;5,67;6,47;5,87
3,74;5,38;2,34;5,11;5,63;5,26;6,36;5,45
2,11;3,57;2,05;6,88;7,5;7,22;6,6;6,03
4,26;5,5;2,34;4,65;5,41;5,26;6,16;5,35
4,1;5,64;0,29;4,85;5,46;5,17;6,3;6,09
4,34;5,4;1,02;4,55;6,02;6,58;6,16;5,91
5,66;7,29;1,61;5,28;7,18;8,17;8,37;7,71
4,14;5,16;1,9;4,5;5,42;5,45;6,02;5,1
3,98;5,4;0,87;4,76;5,93;6,2;6,33;5,34
3,79;5,15;2,19;5,06;5,62;5,27;6,16;5,93
3,93;5,46;0,29;4,52;5,53;5,63;5,98;5,29
3,84;4,9;2,34;5,31;6,56;6,92;6,21;6,11
4,15;5,9;2,49;5,26;6,53;6,9;6,66;6,38
3,98;5,62;1,17;5,09;5,94;5,89;6,41;6,17
5,29;7,11;3,07;4,72;6,27;6,92;6,49;6,1
3,89;5,24;3,36;4,49;5,07;4,74;5,89;5,88
4,23;5,49;0,73;4,72;6,03;6,44;5,91;5,62
4,46;6,37;3,36;4,59;5,77;6,05;6,11;5,15
4,7;6,38;0,58;4,52;5,69;5,96;6,24;5,32
4,6;6,11;4,1;4,62;5,67;5,82;6,43;5,53
5,06;6,18;3,36;4,67;6,14;6,7;7,32;6,6
4,42;5,99;0,43;4,51;5,67;5,93;6,6;5,76
4,25;5,53;2,49;4,49;5,53;5,67;5,88;5,5
4,43;5,71;1,31;4,62;5,84;6,15;5,96;5,58
4,36;5,99;0,43;4,49;5,6;5,81;5,98;5,1
3,89;5,84;1,31;5,76;6,55;6,45;6,69;6,4
4,4;6,23;0,87;4,77;5,59;5,52;6,16;5,79
4;5,04;0,43;5,15;6,22;6,4;6,53;5,7
4,03;5,04;1,46;4,75;6,08;6,5;6,26;5,96
4,16;5,48;1,02;4,59;5,75;6,01;6,07;5,66
3,89;5,04;0,73;4,85;5,44;5,12;6,28;6,26
4,34;5,9;3,66;4,67;5,32;5,06;5,98;5,06
4,68;6,61;1,02;4,88;6,45;7,12;6,5;6,37
3,84;4,96;0,29;4,53;5,64;5,85;5,95;5,51
4,34;5,66;0,43;4,5;5,64;5,88;5,98;5,69
3,95;5,75;2,49;4,56;5,17;4,89;6,01;5,24
4,23;5,49;0,58;4,5;5,89;6,39;6,23;5,58
4,79;6,45;0,58;4,51;6,1;6,79;6,28;5,82
4,43;5,97;1,9;4,59;5,44;5,38;6,23;5,93
4,32;5,58;2,92;5,11;6,31;6,61;6,39;6
4,35;5,75;2,92;4,54;5,65;5,86;5,93;5,29
4,03;5,35;0,58;4,59;5,44;5,4;6,16;5,27
4,25;5,43;0,43;4,55;5,91;6,36;6,03;5,93
4,02;5,07;2,19;4,7;5,69;5,79;5,93;5,08
4,51;6,32;1,75;4,48;5,63;5,87;5,93;5,83
3,87;5,68;0,43;4,78;5,68;5,68;6,09;5,75
4,08;5,55;0,29;4,65;5,92;6,28;6,14;5,46
3,77;5,01;1,61;4,93;5,73;5,63;6,09;5,25
4,34;5,81;1,31;4,69;5,66;5,74;6,01;5,82
3,04;4,51;1,17;6,12;6,63;6,24;7,31;7,3
3,85;5,35;1,46;5;6,31;6,71;6,09;5,64
3,23;4,56;0,73;4,79;5,26;4,84;5,99;5,83
4;5,05;0,58;4,59;5,52;5,55;6,31;5,36
4,22;5,46;1,46;4,77;6,02;6,37;6,36;6,18
3,76;4,98;1,61;5,13;6,03;6,03;6,59;6,37
4,16;5,8;1,02;4,79;5,59;5,49;6,02;5,43
4,08;5,4;1,75;4,48;5,52;5,66;5,94;5,67
4,96;6,32;3,95;5,26;6,76;7,35;7,11;6,7
3,99;5,42;0,43;4,48;5,67;5,97;5,85;5,01
3,83;4,91;1,61;4,5;5,13;4,86;5,98;5,19
4,22;5,79;0,58;4,51;5,83;6,25;5,95;5,23
4,16;6,13;1,75;4,62;5,27;5,03;5,92;5,6
3,64;5,38;0,73;5;6;6,1;5,89;5,69
3,8;5,35;2,05;5,05;5,77;5,6;6,58;5,81
4,26;5,55;0,73;5,04;6,45;6,96;6,38;5,51
3,8;5,38;2,63;4,86;5,36;4,95;6,04;5,39
4,14;5,6;0,73;4,54;5,37;5,3;5,95;5,09
3,39;5;0,87;5,21;6,2;6,29;5,98;5,09
3,95;5,32;2,05;4,49;5,34;5,29;5,94;5,5
4,67;6,64;1,75;4,48;5,23;5,08;6,04;5,92
3,79;4,82;1,17;4,55;5,68;5,92;6,04;5,31
3,84;5,72;0,29;4,89;5,78;5,78;6,14;5,42
3,82;5,03;1,17;4,62;5,68;5,84;6,09;5,26
4,02;5,65;1,46;4,67;5,56;5,56;6,27;5,45
4,12;5,75;1,61;4,61;5,6;5,68;5,91;5,61
3,82;5,49;1,17;4,75;5,59;5,52;6,07;5,58
4,46;5,74;1,61;4,68;6,04;6,5;6,13;5,33
4,3;5,81;1,61;4,48;5,66;5,94;6,16;6,04
3,91;5,26;1,31;4,63;5,78;6,02;5,95;5,81
3,13;4,98;2,78;6,57;7,22;6,97;7,02;6,35
4,28;5,8;2,78;4,58;5,4;5,32;5,91;5,83
4,2;5,37;2,92;4,9;5,92;6,04;6,38;5,55
4,38;6,28;1,31;4,75;5,82;6;6,17;6
4,74;6,39;2,19;4,84;6,25;6,77;6,29;5,79
4,75;5,86;2,19;4,71;6,24;6,87;6,36;6,15
4,44;6,26;1,02;4,57;5,28;5,09;6,06;6,02
4,94;6,86;0,29;4,53;6,03;6,64;6,35;6,25
3,56;4,94;0,58;4,65;5,18;4,81;5,99;5,47
4,57;5,57;1,9;4,98;6,43;6,97;7,13;6,17
4,21;5,25;3,95;4,87;6,2;6,63;6,39;6,13
3,55;4,67;1,17;4,59;5,33;5,17;6,01;5,42
4,19;5,94;0,87;4,7;5,43;5,25;6,19;5,5
3,97;5,67;0,29;4,57;5,55;5,62;5,97;5,82
4,04;5,13;3,07;4,76;5,65;5,65;6,17;5,49
4,27;5,38;0,73;4,89;6,03;6,27;6,98;6,54
4,09;5,53;0,87;4,7;5,76;5,93;6,09;5,75
4,39;5,96;1,9;4,62;5,87;6,23;6,02;5,59
5,44;6,76;0,58;4,69;6,63;7,67;7,02;6,57
3,77;5,37;0,73;4,5;5,21;5,03;5,89;5,43
4,05;5,81;0,43;4,55;5,52;5,59;6,12;5,72
4,79;5,87;3,07;4,59;6,25;7,02;6,68;6,47
4,32;5,78;3,22;4,99;6,27;6,65;6,71;6,31
4,38;6,05;0,58;4,58;5,64;5,81;5,96;5,81
3,76;4,82;0,58;4,67;5,62;5,66;5,94;4,97
4,31;5,57;1,75;4,57;5,47;5,48;6,01;5,92
4,19;5,94;0,58;4,68;5,98;6,39;6,07;6,05
4,46;6,43;1,17;5,08;6;6,03;6,62;6,61
4,91;6,35;3,51;4,74;5,97;6,3;6,54;6,03
4,58;5,71;1,46;4,5;6,05;6,71;6,16;5,9
4,51;6,38;2,78;4,56;5,56;5,66;6,33;6,12
4,85;6,62;0,73;4,55;6,03;6,62;5,99;5,29
4,03;5,09;0,73;4,55;5,42;5,39;6,27;5,75
4,01;5,54;0,87;4,84;5,65;5,56;6,11;5,42
5,01;6,83;2,34;4,8;6,5;7,3;7;6,61
4,38;6,09;3,66;4,93;6,05;6,26;6,21;5,28
4,31;5,86;1,75;4,75;5,68;5,72;6,2;6,03
4,54;6,28;1,17;4,6;5,61;5,72;6,07;5,68
4,11;5,54;1,02;4,82;6,32;6,93;6,25;5,37
4,29;6,18;0,73;5,07;6,3;6,64;6,55;6,37
3,88;5,4;1,9;4,92;5,75;5,69;6,06;5,1
4,69;6,58;0,58;4,8;6,03;6,37;6,23;5,76
4,16;5,19;1,02;4,54;5,6;5,75;5,97;5,5
4,32;5,48;1,61;4,63;6,05;6,56;6,3;5,41
3,73;4,9;0,43;4,53;5,15;4,87;6,06;5,19
3,74;4,99;1,46;4,6;5,33;5,16;6,2;6,04
4,8;6,76;1,9;5,79;7,1;7,51;7,82;7,41
3,75;5,34;1,61;4,72;5,45;5,29;6,03;5,52
4,59;6,29;0,73;4,54;5,67;5,9;5,89;5,46
4,76;6,62;1,61;4,59;5,72;5,95;6,08;6,03
4,18;5,55;1,75;4,53;5,48;5,53;6,27;6,21
4,83;6,75;0,29;4,54;6,06;6,68;5,93;5,54
4,6;5,72;2,34;4,59;6,01;6,53;5,99;5,93
4,84;6,73;0,29;4,62;6,09;6,66;6,07;5,37
4,28;5,67;0,43;4,5;5,4;5,4;6,28;6,26
4,3;5,73;1,02;4,6;5,79;6,09;6,07;5,48
3,94;5,23;2,34;4,92;5,8;5,78;6,73;5,8
4,44;6,37;1,75;4,59;5,23;4,96;6,1;6,02
3,78;5,03;3,36;4,66;5,34;5,12;6,06;6,01
3,73;4,75;1,17;4,65;5,71;5,86;6,04;5,61
4,56;6,2;1,31;4,77;6,25;6,83;6,69;6,13
4,41;5,42;1,61;4,67;6,18;6,78;6,02;6
4,5;6,37;3,36;5,06;6,35;6,73;6,39;5,62
3,48;4,75;1,46;5,46;5,9;5,45;6,57;6,26
4,7;6,18;0,87;4,56;6,12;6,77;6;5,73
4,01;5,66;0,58;5,41;6,14;5,97;7,02;6,86
4,03;5,14;0,73;4,7;5,74;5,88;6,11;5,39
4,6;6,36;1,46;4,63;6,07;6,6;6,01;5,75
4,56;6,11;0,29;4,64;6,2;6,86;6,19;5,23
4,76;6,24;1,17;4,53;6,01;6,58;5,87;5,61
4,38;5,42;0,58;4,51;5,54;5,67;6,25;5,48
3,98;5,07;0,29;4,58;5,82;6,17;5,97;5,01
4,14;5,49;0,29;4,52;5,59;5,77;5,96;5,01
4,53;6,31;1,75;4,55;5,86;6,26;5,96;5,72
4,4;6,02;4,24;4,55;5,26;5,07;6,27;5,65
4,04;5,82;1,17;5,18;6,29;6,51;6,45;6,09
3,95;5,33;1,31;4,53;5,55;5,67;5,91;5,55
5,18;7,07;1,75;4,53;5,92;6,4;6,61;6,47
4,09;5,09;2,78;4,54;5,24;5,04;6,23;5,39
4,22;5,86;0,43;4,59;5,36;5,22;6,27;6
4,25;5,31;1,17;4,59;6,06;6,64;5,99;5,24
4,93;6,69;1,17;4,5;6,02;6,63;5,86;5,11
4,15;5,26;1,9;4,85;6,03;6,31;6,45;6
3,47;4,59;0,29;4,49;5,16;4,93;5,92;5,09
5,28;6,79;1,17;4,81;6,15;6,58;7,72;7,68
4,09;5,57;0,73;4,89;5,59;5,4;6,19;5,21
4,72;6,42;1,75;4,53;6,01;6,6;6;5,1
4,4;6,02;0,73;4,59;5,41;5,33;6,05;5,06
3,72;5,54;0,73;5,31;6,29;6,37;6,42;5,64
4,36;5,63;1,46;4,75;6,04;6,44;6,12;5,84
4,83;6,48;3,95;4,76;6,3;6,93;6,17;5,96
5,25;6,83;3,51;5,16;6,46;6,86;8,03;7,06
4,95;6,79;1,46;4,56;6,05;6,64;5,95;5,62
4,72;6,3;1,17;4,81;6,09;6,46;6,44;5,96
3,54;4,63;1,17;4,49;5,19;4,98;5,91;5,14
4,57;6,53;4,24;4,65;5,93;6,32;6,02;5,1
4,97;6,27;4,1;5,19;6,91;7,73;7,38;6,52
4;5,63;1,02;5,33;6,1;5,96;7,08;6,4
3,59;4,64;0,58;4,53;5,16;4,89;5,99;5,9
3,96;5,62;1,17;4,66;5,72;5,87;5,92;5,83
4,46;6,41;0,73;4,51;5,11;4,81;5,97;5,11
5,07;6,98;1,75;4,81;6,11;6,51;6,99;6,98
4,01;5,14;1,9;4,59;5,5;5,52;6,24;5,64
3,9;5,62;0,43;4,49;5,23;5,07;5,96;5,96
4,07;5,32;1,61;4,49;5,63;5,87;5,86;5,6
4,28;5,71;0,29;4,58;5,72;5,96;5,93;5,79
4,45;5,73;1,9;4,49;5,4;5,4;6,02;5,54
4,14;5,43;0,87;4,6;5,36;5,22;6,14;6,07
4,61;6,17;3,07;5,01;6,18;6,45;6,72;6,03
4,63;6,3;0,87;4,57;5,88;6,29;6,34;6,03
3,92;5,51;1,9;4,91;5,5;5,2;6,09;5,35
3,94;5,05;1,75;4,56;5,38;5,29;5,98;5,25
2,68;4,47;3,22;6,51;6,92;6,43;6,96;6,17
4,68;6,5;0,87;4,81;6,07;6,43;6,3;5,45
4,47;5,52;0,87;4,91;6,26;6,71;6,64;6,28
4,63;6,01;2,63;4,5;5,57;5,75;5,92;5,75
4,37;5,84;0,73;4,72;5,82;6,03;6,19;5,82
4,51;6,04;2,63;5,51;6,98;7,56;7,08;6,64
4,93;6,12;2,78;5,18;6,48;6,88;7,76;7,73
4,43;6,12;0,73;5,05;6,29;6,64;7,11;6,17
3,78;5,73;0,73;4,77;5,6;5,52;5,92;5,03
4,15;5,35;3,07;4,6;5,21;4,92;6,04;5,19
3,97;5,17;3,95;5,02;5,74;5,55;5,99;5,34
4,39;5,81;0,43;4,94;6,05;6,26;6,62;5,82
3,92;5,61;1,17;4,93;6,07;6,3;6,15;6,09
4,13;5,69;1,31;4,55;5,45;5,45;6,1;5,96
4,56;6,28;1,9;4,64;5,96;6,37;6,41;6,33
4,35;6,08;1,17;4,52;5,42;5,42;6,07;5,88
4,29;5,78;0,43;4,51;5,59;5,77;6,04;5,18
4,27;5,75;1,31;5,13;6,43;6,84;6,67;6,51
4,05;5,59;1,61;4,65;5,77;5,98;6,07;5,16
4,18;5,84;2,63;4,66;5,18;4,79;5,95;5,21
4,04;5,27;3,66;5,35;6,32;6,39;6,59;6,03
4,24;5,75;0,43;4,49;5,88;6,37;5,85;5,62
4,2;5,32;0,87;4,67;6,18;6,79;6,1;5,48
4,92;6,1;1,75;4,62;6,16;6,8;6,94;6,4
3,95;5,45;1,31;4,63;5,25;4,97;6,13;5,4
3,75;4,94;1,17;4,8;5,84;5,98;6,09;5,47
4,56;6,53;1,9;4,56;5,75;6,03;5,86;5,75
3,8;5,49;0,43;4,87;5,38;5;6,06;5,95
4,05;5,43;1,17;4,54;5,23;5,01;5,99;5,4
3,52;5,04;0,58;5,4;6,13;5,96;6,63;6,61
4,49;6,39;0,73;4,5;5,51;5,62;6,6;6,13
4,07;5,74;1,31;4,59;5,58;5,66;6,14;5,73
4,34;5,86;0,29;4,7;6,17;6,75;6,2;5,42
4,38;6,35;2,63;4,61;5,38;5,25;6,08;5,37
4,1;5,66;2,63;4,73;5,56;5,49;6,41;5,7
4,05;5,51;1,02;4,62;5,56;5,6;6,06;5,68
4,68;6,39;1,46;4,58;6,11;6,74;6,03;5,42
5,17;7,03;3,95;4,7;6,01;6,42;6,35;5,84
3,82;5,04;0,58;4,49;5,26;5,14;5,9;4,93
4,41;6,39;2,05;5,16;6,45;6,85;6,07;5,86
4,38;5,58;2,34;4,67;5,7;5,83;6,12;5,13
4,51;6,33;0,43;4,57;5,85;6,24;6;5,88
4,33;6,01;1,75;4,91;6,28;6,76;6,04;5,91
3,92;5,21;0,58;4,59;5,8;6,11;5,91;5,74
0,94;2,37;2,92;8,84;8,84;7,94;7,67;7,56
4,78;6,41;3,8;4,6;5,47;5,43;6,53;5,96
4,45;6,12;3,07;4,79;6,24;6,78;6,28;6,26
3,82;5,25;0,58;4,49;5,4;5,41;5,98;5,98
4;5,25;0,87;4,48;5,45;5,51;5,86;5,33
5,54;7,26;3,22;4,8;6,77;7,83;7,28;6,48
3,61;5,53;0,43;4,75;5,28;4,92;5,91;5,03
2,26;3,65;2,49;6,51;6,76;6,12;6,85;6,39
4,3;5,85;0,29;4,59;5,48;5,47;6,05;5,7
4,34;6,27;1,61;4,69;5,8;6,02;6,23;6,04
4,33;5,71;1,17;4,7;5,73;5,86;6,16;5,77
4,36;6,29;0,87;5,35;6,3;6,35;6,78;5,9
4,37;5,84;0,58;4,57;5,99;6,5;6;5,27
4,62;5,89;2,49;4,55;5,98;6,51;6,13;5,9
4,72;6,39;0,43;4,53;6,03;6,62;5,98;5,66
4,11;5,99;0,87;4,55;5,28;5,1;5,96;5,83
5,26;7,13;0,87;4,53;6,15;6,87;6,54;6,26
4,35;6,29;1,46;4,66;6,01;6,47;5,98;5,75
4,48;5,75;2,05;4,81;5,75;5,79;6,47;6,11
3,28;4,94;2,05;7,57;8,68;8,88;8,45;7,71
5,53;6,57;1,17;5,06;7,1;8,24;7,77;7,38
4,65;5,8;1,46;4,5;6,13;6,87;6,19;5,76
4,69;6,68;1,17;4,63;6,22;6,91;6,14;6,1
3,94;5,57;0,43;4,48;5,38;5,39;5,86;5,65
4,15;5,36;0,73;4,52;5,26;5,09;5,98;5,57
4,43;6,15;0,87;4,57;5,97;6,46;5,92;5,72
4,58;6,18;1,02;4,6;6,22;6,93;6,34;5,55
4,69;6,67;2,63;5,03;6,22;6,51;6,44;5,91
3,04;4,16;1,46;5,65;6,12;5,68;6,4;6,15
4,13;5,84;3,07;4,89;5,86;5,92;6,11;5,13
4,15;5,77;1,46;4,54;5,49;5,53;5,93;5,82
5,54;6,77;0,73;6,21;8,53;9,95;9,95;9,09
4,01;5,46;0,29;4,55;5,87;6,3;5,9;5,69
4,31;5,48;1,46;4,48;5,92;6,46;5,89;5,27
4,57;5,98;2,19;4,72;5,82;6,01;6,46;5,78
2,96;4,17;1,17;5,87;6,63;6,49;6,53;6,13
4,99;6,43;1,17;4,55;5,95;6,45;7,01;6,8
4,02;5,07;0,58;4,54;5,94;6,45;6,15;5,37
4,48;6,09;1,75;5,04;6;6,06;7,21;6,49
3,56;5,09;0,43;4,79;5,27;4,85;5,91;4,92
4,1;6,01;1,31;4,48;5,24;5,1;5,92;5,31
3,47;4,48;0,73;4,57;5,24;5,02;5,86;5,38
3,38;4,61;2,92;4,81;5,36;5,01;5,95;5,27
4,11;5,28;2,05;4,62;5,77;6,01;5,97;5,79
3,29;4,75;1,61;5,58;6,65;6,81;6,18;5,93
4,14;5,29;0,87;4,65;5,58;5,61;6,06;5,91
4,02;5,6;1,9;4,87;5,6;5,42;6,29;5,6
4,33;5,9;0,87;4,61;5,41;5,32;6,1;5,36
4,31;6,28;1,9;4,61;5,83;6,14;5,96;5,07
4,9;6,48;2,78;4,54;5,96;6,48;6;5,58
4,8;6,53;0,87;4,5;5,85;6,31;5,88;4,88
4,69;6,67;2,49;4,67;5,51;5,46;6,08;5,97
3,6;5,12;0,29;4,6;5,24;4,98;5,9;5,08
3,98;5,96;0,58;4,64;5,38;5,22;6,15;5,94
3,96;5,59;1,31;4,86;5,59;5,41;6,08;5,57
4,49;6,02;0,29;4,75;5,99;6,34;6,63;5,64
4,45;5,81;1,9;4,77;6,15;6,63;6,5;5,5
4,2;5,81;0,73;4,51;5,52;5,63;5,97;5,32
4,25;5,38;1,02;4,53;5,89;6,35;5,95;5,61
4,32;5,88;2,34;4,58;5,38;5,29;5,96;5,18
3,58;4,83;4,54;5,94;6,84;6,85;6,83;6,45
4,63;6,06;0,43;5,01;6,66;7,41;7,04;6,54
4,16;5,33;1,46;4,71;5,67;5,72;6,39;5,51
3,95;5,47;1,31;4,74;5,82;6;6,04;5,85
4,18;5,95;0,87;4,57;5,74;6,02;6,04;5,18
3,97;5,61;2,19;4,56;5,29;5,12;5,9;5,14
4,51;5,86;0,58;4,71;5,98;6,36;6,13;5,76
4,57;6,32;1,75;4,92;6,17;6,52;6,31;5,57
4,31;5,47;2,34;4,82;6,08;6,45;6,78;6,32
4,26;5,31;0,58;4,82;6,23;6,75;5,99;5,75
5,21;6,87;3,8;4,74;6,05;6,46;7,26;6,63
3,96;5,16;2,78;4,87;6,07;6,37;6,01;5,21
3,89;5,1;1,17;4,81;5,75;5,8;6,03;5,11
3,92;5,22;1,31;4,97;5,58;5,29;6,42;6,22
4,74;6,15;0,87;4,54;6,12;6,8;6,33;6,16
3,98;5,23;0,43;4,52;5,15;4,88;5,97;5,12
4,16;5,26;0,87;5,63;7,09;7,66;7,07;6,45
5,08;6,61;1,31;5,14;6,82;7,59;7,64;7,38
4,05;5,73;2,49;4,76;5,5;5,33;6,1;5,17
4,62;6,05;1,75;4,52;5,63;5,83;6,31;6,11
4,12;5,49;1,31;4,63;5,92;6,31;5,97;5,03
4,02;5,35;1,31;4,59;5,3;5,12;6,01;5,99
4,99;6,72;0,87;4,64;5,97;6,4;6,61;5,7
4,08;5,95;0,29;4,47;5,43;5,48;5,91;5,15
4,13;5,3;0,43;4,48;5,42;5,45;5,89;5,82
4,18;6,16;0,43;4,5;5,16;4,93;5,99;5,15
4,1;5,55;0,58;5,95;7,32;7,78;7,15;6,78
4,87;6,49;1,46;4,69;6,25;6,9;6,11;5,96
4,47;6,24;0,58;4,65;5,66;5,77;6,07;6,01
4,11;5,15;1,02;4,5;5,41;5,43;5,84;4,9
4,52;6,29;2,34;5,18;6,08;6,08;6,91;6,78
3,87;5,16;0,58;4,68;5,3;5,03;5,94;4,99
4,04;5,13;2,05;4,62;5,32;5,12;6,03;5,62
4,09;6,06;1,9;4,8;5,79;5,89;6,18;5,96
4,27;5,96;0,73;5,04;6,53;7,13;6,35;5,45
3,71;5,5;3,22;5,46;6,27;6,18;6,47;5,8
3,85;5,09;1,61;4,54;5,4;5,36;5,94;5,45
3,61;5,51;2,19;5,12;5,62;5,22;6,24;6,06
3,92;5,88;0,58;4,84;5,72;5,69;6,12;6,06
4,55;6,54;1,61;4,61;5,55;5,6;6,12;5,74
4,52;6,44;2,78;5,01;6,11;6,3;6,21;5,27
4,25;5,73;2,34;5,04;6,45;6,97;6,23;5,64
4,3;5,51;1,9;4,53;5,63;5,83;6,1;5,12
5,23;7,09;2,63;4,66;6,09;6,63;7,29;6,87
4,64;6,09;0,58;4,54;6,02;6,61;5,91;5,69
4,61;6,4;0,29;4,53;5,62;5,82;5,92;5,21
4,18;5,47;0,58;4,5;5,44;5,49;5,93;5,26
3,7;4,94;0,43;4,6;5,61;5,73;6,01;5,81
4,78;6,33;3,66;5,04;6,55;7,17;6,45;6,01
4,15;5,31;0,43;4,52;5,74;6,06;6,03;5,51
5,34;7,19;1,75;4,89;6,08;6,37;7,35;6,88
4,13;5,29;0,29;4,53;5,41;5,38;5,93;5,9
4,32;5,62;0,73;4,55;5,64;5,84;6,24;5,83
4,49;6,26;2,63;4,68;5,61;5,63;6,57;6,31
4,66;6,33;0,58;4,54;6,16;6,87;6,23;5,75
6,12;7,3;3,36;4,64;6,78;8,01;8,61;8,22
3,83;4,96;2,63;5,44;6,82;7,3;6,59;5,97
3,99;5,04;3,22;4,59;5,61;5,73;6,01;5,71
4,06;5,44;0,73;4,66;5,29;5,02;6,08;6,01
4,03;5,36;0,73;4,64;5,93;6,32;6,08;5,39
4,3;6,06;0,58;4,48;5,3;5,22;6;5,52
4,36;5,79;2,78;5,24;6,86;7,58;6,79;6,45
4,12;5,36;1,46;4,54;5,62;5,81;5,99;5,55
3,72;5,36;2,63;4,89;5,49;5,2;6,04;5,43
4,04;5,73;4,83;4,57;5,25;5,04;5,86;5,08
4,65;6,46;2,19;4,52;5,46;5,49;6,03;5,14
3,33;4,6;2,34;5,68;6,77;6,96;6,5;6,17
3,74;4,98;1,61;4,72;5,36;5,1;6,01;5,1
3,98;5,12;1,61;5,09;6,57;7,14;6,46;5,74
5,65;7,6;1,02;4,78;6,84;7,99;7,31;6,73
4,34;5,69;0,58;4,58;6,11;6,74;6,27;5,91
3,63;5,34;0,29;5,43;6,31;6,3;6,22;5,53
4,59;6,41;1,9;4,85;6,41;7,07;6,61;6,38
4,6;5,76;3,66;5,14;6,52;7;7,61;7,58
5,07;6,46;3,07;4,65;6,28;7,01;6,22;5,67
4,45;5,71;1,02;4,79;6,29;6,89;6,51;5,7
4,97;6,77;3,95;4,55;5,85;6,24;6,41;6,16
4,21;5,77;0,87;4,59;5,96;6,44;6,11;5,33
3,99;5,91;0,43;4,93;6;6,17;6,2;5,74
4,6;6,37;1,31;4,79;6,3;6,92;6,33;5,89
4,25;6,04;1,61;4,62;5,81;6,1;5,99;5,75
4,37;5,98;0,43;4,73;5,61;5,6;6,28;5,5
4,33;5,89;1,61;5,26;6,84;7,52;6,86;6,14
4,6;5,98;3,07;4,48;6,04;6,7;5,97;5,45
4,61;5,81;3,51;4,49;5,97;6,56;5,96;5,22
4,27;5,82;1,02;4,76;6,08;6,5;6,5;5,67
3,89;5,6;1,31;4,53;5,21;5;5,91;5,9
4,28;5,79;3,51;4,78;5,89;6,11;5,93;5,79
3,96;5,15;1,02;4,58;5,36;5,24;5,92;5,4
4,63;6,35;2,05;4,5;6,02;6,65;6,02;5,47
4,45;6,07;1,75;4,61;5,56;5,61;6,12;5,15
5,31;6,32;2,34;5,38;7,38;8,48;8,14;7,25
4;5,17;0,73;4,87;5,75;5,74;6,22;5,23
3,6;4,75;1,75;4,83;5,61;5,49;6,13;5,97
3,67;4,89;0,73;4,89;5,48;5,16;6,06;5,12
4,68;6,61;2,19;4,55;5,51;5,56;6,29;5,36
3,84;4,88;1,46;4,5;5,24;5,07;6,19;5,22
4,45;6,42;2,63;4,78;6,11;6,54;6,05;5,38
4,22;5,68;1,31;4,53;5,75;6,06;5,86;5,23
4,42;5,88;1,61;4,78;5,86;6,03;6,17;6,15
4,19;5,79;0,58;4,5;5,62;5,85;6,04;5,11
5,44;7,2;1,61;5,08;6,74;7,49;7,48;7,11
4,66;6,5;0,73;4,66;5,62;5,68;6,39;5,42
5,26;7,16;1,9;5,53;7,04;7,65;8,54;8,04
3,89;5,24;0,87;4,53;5,67;5,91;5,89;5,04
4,28;5,81;0,43;4,64;5,63;5,73;6,2;5,86
3,53;4,62;0,73;5,65;6,68;6,81;6,73;6,19
4,81;6,64;3,36;4,68;6,15;6,73;6,12;5,73
4,13;5,42;0,43;4,55;6,1;6,75;6;5,91
3,28;4,32;2,78;6,04;6,84;6,74;7,45;6,98
4,06;5,29;0,58;4,51;5,8;6,19;5,87;4,93
3,63;5,54;2,92;5,55;6,03;5,61;6,34;6,11
4,54;5,91;0,87;4,48;5,68;5,99;5,95;5,33
4,15;5,7;2,05;4,77;5,85;6,04;5,94;5,94
4,63;6,41;1,9;4,61;5,83;6,15;6,44;5,98
4,21;5,68;1,46;4,53;5,56;5,69;5,89;5,08
3,47;5,31;1,75;5,52;6,27;6,11;6,56;6,03
4,18;5,48;2,92;4,66;5,91;6,27;6,26;5,96
4,73;6,44;4,1;4,47;5,95;6,53;5,93;5,77
4,11;5,91;0,87;5,05;5,92;5,89;6,69;6,01
4,89;6,87;5,27;5,17;6,31;6,54;6,81;6,18
4,11;5,4;0,29;4,77;6,21;6,75;6,1;5,65
4,49;5,78;1,02;4,49;5,67;5,95;6,08;5,24
2,73;4,46;0,29;5,59;5,7;4,91;5,96;5,43
3,61;4,8;0,29;4,59;5,25;5;5,89;5,31
4,69;6,12;0,87;4,53;5,9;6,37;6,67;6,35
3,91;5,24;0,43;4,55;5,31;5,18;6,25;5,69
4,8;6,18;2,78;4,5;5,9;6,4;6,17;5,36
3,81;5,69;1,61;4,65;5,21;4,87;5,96;5,53
3,72;5,49;0,43;4,89;5,72;5,64;6,13;5,34
3,83;5,6;2,34;6,03;6,89;6,86;7,51;6,84
4,04;5,56;0,43;5,07;5,84;5,71;6,32;5,38
4,16;5,3;0,87;4,55;5,97;6,48;6,18;5,72
4,4;6,13;1,46;4,76;6,18;6,7;6,11;5,43
4,25;6,17;1,17;4,58;5,73;5,98;5,99;5,67
3,52;5,48;0,43;5,52;6,47;6,51;5,96;5,94
3,63;4,77;0,29;4,55;5,21;4,97;6,07;5,29
4,51;5,71;1,75;4,53;5,52;5,62;6,51;6,29
4,37;5,38;0,58;4,49;5,7;6;6,19;5,6
4,13;6,03;0,29;4,88;5,78;5,78;5,94;5,92
4,29;5,37;2,63;4,52;5,43;5,44;6,14;6,13
3,38;4,5;0,29;5,02;6,18;6,43;6,07;5,79
4,41;5,85;1,75;4,69;6,02;6,44;6,03;5,82
3,57;5,17;0,87;5,72;6,67;6,71;6,5;5,71
3,75;5,14;2,78;4,94;5,91;5,98;6,1;5,76
3,83;5,82;1,02;5,08;5,91;5,85;6,15;5,97
4,57;6,06;2,19;4,56;5,47;5,47;6,13;5,5
3,58;4,69;0,58;4,69;5,37;5,14;6,08;5,61
4,14;5,57;0,87;4,61;5,7;5,89;6,03;5,57
4,25;5,86;2,34;4,78;5,99;6,3;6,37;5,38
4,4;5,72;3,66;4,81;5,88;6,04;6,24;5,31
4,94;6,73;2,49;4,84;6,47;7,2;6,95;6,82
4,55;5,66;0,29;4,59;6,04;6,6;6,24;5,55
4,14;5,67;2,49;4,81;6,01;6,32;6,21;6,18
4,26;5,53;2,49;4,69;6;6,41;6,17;5,49
4,24;6,09;0,73;4,5;5,38;5,35;6,04;5,79
4,02;5,36;1,31;4,57;5,8;6,12;5,91;5,24
3,63;4,95;2,78;5,46;6,1;5,85;6,61;5,98
4,21;5,3;3,07;4,56;5,84;6,21;6,01;5,84
4,17;5,59;2,34;5,31;6,62;7,03;6,85;6,34
4,04;5,18;1,46;4,98;5,98;6,07;6,49;5,87
3,72;4,96;2,19;4,56;5,15;4,85;6,01;5,3
3,91;5,34;1,17;4,69;5,61;5,62;6,31;5,56
4,69;6,44;1,17;4,95;6,4;6,94;6,17;6,09
4,21;5,32;1,9;4,87;6,31;6,85;6,28;5,4
4,32;5,42;4,24;5,7;6,93;7,27;7,14;6,56
4,11;6,03;0,29;4,73;5,98;6,34;5,92;5,21
3,76;4,91;2,49;5,55;6,79;7,14;6,81;6,73
3,52;4,69;1,31;4,93;5,56;5,29;6,09;5,59
4,91;6,2;1,9;5,11;6,82;7,62;7,29;7,18
4,47;6,39;0,43;4,5;5,29;5,18;6;5,98
3,93;5,54;2,78;4,83;5,68;5,63;6,18;5,69
4,72;6,72;2,63;4,52;5,43;5,44;5,93;5,74
4,02;5,43;4,83;4,75;5,81;5,97;6,01;5,49
3,56;4,89;1,17;4,54;5,17;4,89;5,89;5,29
4,36;5,6;0,43;4,69;6,13;6,67;5,93;5,8
3,97;5,54;1,17;4,66;5,58;5,6;6,02;5,19
3,81;5,25;2,78;4,51;5,22;5,03;5,88;5,82
4,56;6,43;1,61;4,73;6,1;6,56;6,04;5,13
4,23;5,72;0,29;4,52;5,19;4,95;6,09;5,5
4,27;5,89;1,02;4,54;5,45;5,46;5,98;5,64
3,99;5,42;1,75;4,71;5,49;5,37;6,57;6,08
4,48;5,93;0,87;4,5;5,49;5,59;6,25;6,16
4,6;6,15;1,61;5,01;6,35;6,79;6,7;6,48
4,73;6,64;0,73;4,51;5,5;5,59;6,11;5,35
3,87;5,12;2,19;4,74;5,8;5,96;6,07;5,23
3,16;4,93;0,43;5,64;5,91;5,29;6,24;6,21
4,91;6,24;2,34;5,15;6,93;7,81;7,62;7,44
4,21;5,29;2,34;4,53;5,71;5,99;6,01;5,92
4,01;5,1;0,87;4,67;5,68;5,78;6,54;5,65
4,19;5,54;0,87;4,59;5,96;6,44;5,98;5,66
3,96;4,98;1,02;4,76;6,26;6,87;6,2;5,21
4,3;5,46;0,87;4,54;5,88;6,32;5,9;5,24
4,92;6,54;1,46;4,87;6,45;7,14;6,53;5,89
4,55;5,89;1,46;4,56;5,38;5,29;6,45;6,2
4,29;5,85;0,87;4,49;5,38;5,37;6,01;5,61
4,66;5,67;0,58;4,72;6,57;7,52;6,93;6,2
4,62;6,28;0,29;4,51;5,95;6,49;6,01;5,56
4,91;6,3;1,75;4,65;6,08;6,62;6,55;6,25
4,24;6,06;1,02;4,83;6,02;6,32;6,53;6,28
4,45;6,3;0,87;4,65;5,92;6,28;5,95;4,98
4,19;5,88;0,43;5;6,31;6,71;5,97;5,64
5,48;7,43;2,05;4,76;6,55;7,43;6,74;6,5
4,18;5,29;0,58;4,52;5,83;6,24;6,09;5,27
4,67;6,5;1,02;4,47;6,05;6,72;6,01;5,72
4,8;6,58;4,1;5,06;6,48;7;6,6;5,63
4,48;5,86;0,58;4,52;5,88;6,35;5,94;5,53
4,57;6,03;0,43;4,96;6,51;7,16;6,7;5,78
3,93;5,26;2,49;4,53;5,16;4,89;5,98;5,52
4,42;6,38;0,73;4,57;5,79;6,1;6,13;5,46
4,37;6,04;3,51;4,96;6,12;6,39;6,47;6,33
3,82;5,37;2,34;5,11;5,8;5,59;6,36;5,91
3,35;4,6;2,92;5,55;6,23;6;6,34;6,06
4,77;6,75;0,87;4,48;5,61;5,84;5,95;5,73
4,46;6,13;1,9;4,61;5,78;6,06;6,44;6,36
2,67;3,73;0,58;5,94;6,63;6,43;6,52;5,83
4,02;5,06;2,92;4,66;5,63;5,69;6,26;5,51
4,41;5,54;4,1;4,47;5,5;5,64;5,93;5,4
4,5;5,88;0,87;5,05;6,61;7,27;6,69;6,58
3,76;5,35;0,29;4,77;5,62;5,57;6,1;5,93
5,53;6,92;0,58;4,59;6,54;7,59;7,64;7,58
4,57;6,53;1,02;4,49;5,22;5,06;6,08;6,05
3,17;4,69;0,29;5,59;6,15;5,8;5,96;5,36
4,64;6,41;0,29;4,59;5,89;6,3;5,89;5,71
4,22;5,38;0,87;4,53;5,48;5,54;6,67;5,87
4,73;6,67;2,78;4,5;5,77;6,15;6,17;5,19
4,07;5,61;1,61;4,65;5,23;4,91;5,96;4,97
3,58;4,77;0,87;4,51;5,24;5,06;5,98;5,19
3,63;5,53;0,43;4,89;5,55;5,32;6,13;5,86
3,78;5,48;2,34;6,03;6,69;6,46;7,51;6,6
4,17;5,83;0,58;4,62;5,83;6,14;5,97;5,78
4,64;5,73;0,87;4,55;6,13;6,8;6,18;5,41
4,74;6,61;0,29;4,99;6,77;7,65;6,88;6,76
3,26;5,19;0,43;5,52;6,11;5,79;5,96;5,52
4,12;5,17;0,29;4,55;5,72;6;6,07;5,48
4,54;6,07;0,58;4,49;6,15;6,91;6,19;5,38
4,53;6,12;2,63;4,52;6,05;6,69;6,14;6,12
4,52;6,34;0,43;4,5;5,66;5,93;6,25;5,42
3,43;4,68;0,29;5,02;5,42;4,92;6,07;5,99
3,72;5,53;2,78;4,94;5,48;5,12;6,1;5,72
3,2;4,96;2,05;5,87;6,72;6,67;6,6;6,35
4,28;5,9;1,02;5,01;6,3;6,7;6,58;5,77
4,73;6,13;1,46;4,98;6,42;6,96;7,05;6,29
4,19;5,57;0,73;4,89;6,11;6,42;6,23;6,12
4,51;6,12;0,87;4,61;5,99;6,47;6,03;5,25
4,66;5,66;2,34;4,78;6,27;6,86;6,37;6,32
4,53;5,68;3,66;4,81;6,14;6,57;6,24;5,8
4,68;6,43;0,29;4,59;6,17;6,86;6,24;5,26
4,46;5,86;2,49;4,69;6,24;6,9;6,17;6,15
4,8;6,28;0,73;4,5;5,98;6,56;6,04;5,71
4,15;5,45;0,73;4,74;5,72;5,8;6,02;5,75
3,68;4,75;2,78;5,46;6,02;5,69;6,61;6,21
4,58;6,25;3,07;4,56;5,8;6,14;6,01;5,72
4,01;5,84;2,34;5,31;6,09;5,96;6,85;6,14
4,42;6,39;1,46;4,98;5,83;5,79;6,49;6,28
4,1;5,96;2,05;5,08;5,71;5,44;6,18;5,37
4,54;6,11;2,19;4,56;5,64;5,81;6,01;5,81
4,09;6,01;1,9;4,87;5,73;5,7;6,28;5,4
4,53;5,85;4,24;5,7;7,23;7,86;7,14;6,78
2,89;4,01;1,61;7,5;8,64;8,89;8,45;8,34
4,4;5,86;1,46;4,54;5,86;6,29;6,3;6,03
3,79;5,63;2,49;5,55;6,12;5,78;6,81;6,08
4,48;5,62;1,9;5,11;6,68;7,35;7,29;7,02
4,15;5,87;0,43;4,5;5,44;5,47;6;5,93
3,56;5,35;1,02;4,97;5,41;4,95;5,92;5,83
4,34;6,22;3,95;5,39;6,29;6,28;6,45;5,49
3,74;4,78;0,43;4,69;6,13;6,67;5,93;5,19
4,43;6,24;1,17;4,53;5,48;5,52;6,14;5,71
3,99;5,77;2,78;4,51;5,17;4,94;5,88;5,51
4,19;5,35;1,31;4,92;6,07;6,31;6,31;5,93
4,17;6,03;1,31;4,6;5,77;6,04;6,01;5,04
4,52;6,14;0,29;4,52;5,6;5,79;6,09;5,66
4,94;6,43;0,73;4,51;6,11;6,82;6,11;5,13
3,95;5,09;1,46;4,56;5,82;6,19;6;5,91
2,78;3,94;0,43;5,64;6,33;6,11;6,24;5,85
3,55;5,43;1,75;5,11;5,7;5,4;6,24;5,93
4,54;5,66;2,34;5,15;6,33;6,61;7,62;7,43
5,08;6,6;0,87;4,67;6,42;7,26;6,54;5,59
4,09;5,4;1,31;4,59;5,52;5,54;6,1;5,1
3,71;4,86;0,43;4,48;5,41;5,43;5,86;5,47
4,69;6,06;1,46;4,87;6,37;6,97;6,53;5,83
4,28;5,8;1,61;4,55;5,42;5,39;5,89;5,45
4,23;5,59;0,29;4,51;5,54;5,68;6,01;5,97
4,41;5,88;1,02;4,83;5,92;6,1;6,53;6,13
3,72;5,19;0,87;4,65;5,51;5,46;5,95;5,75
3,79;5,51;0,43;5;6,32;6,73;5,97;5,67
4,65;6,18;1,02;4,47;5,86;6,35;6,01;5,59
3,23;4,65;1,46;6,45;7,56;7,77;7,19;6,43
4,31;5,89;0,58;4,52;6,05;6,69;5,94;5,49
3,83;5,11;0,43;4,96;5,76;5,65;6,7;6,43
4,23;5,66;2,49;4,53;5,28;5,14;5,98;5,35
4,21;5,6;0,73;4,57;5,66;5,85;6,13;6
3,74;5,38;2,34;5,11;5,63;5,26;6,36;5,45
2,11;3,57;2,05;6,88;7,5;7,22;6,6;6,03
4,26;5,5;2,34;4,65;5,41;5,26;6,16;5,35
4,34;5,4;1,02;4,55;6,02;6,58;6,16;5,91
5,66;7,29;1,61;5,28;7,18;8,17;8,37;7,71
4,14;5,16;1,9;4,5;5,42;5,45;6,02;5,1
3,98;5,4;0,87;4,76;5,93;6,2;6,33;5,34
3,93;5,46;0,29;4,52;5,53;5,63;5,98;5,29
3,84;4,9;2,34;5,31;6,56;6,92;6,21;6,11
4,15;5,9;2,49;5,26;6,53;6,9;6,66;6,38
3,98;5,62;1,17;5,09;5,94;5,89;6,41;6,17
3,89;5,24;3,36;4,49;5,07;4,74;5,89;5,88
4,23;5,49;0,73;4,72;6,03;6,44;5,91;5,62
4,46;6,37;3,36;4,59;5,77;6,05;6,11;5,15
4,7;6,38;0,58;4,52;5,69;5,96;6,24;5,32
4,6;6,11;4,1;4,62;5,67;5,82;6,43;5,53
5,06;6,18;3,36;4,67;6,14;6,7;7,32;6,6
4,42;5,99;0,43;4,51;5,67;5,93;6,6;5,76
4,25;5,53;2,49;4,49;5,53;5,67;5,88;5,5
4,43;5,71;1,31;4,62;5,84;6,15;5,96;5,58
4,36;5,99;0,43;4,49;5,6;5,81;5,98;5,1
3,89;5,84;1,31;5,76;6,55;6,45;6,69;6,4
4,4;6,23;0,87;4,77;5,59;5,52;6,16;5,79
4;5,04;0,43;5,15;6,22;6,4;6,53;5,7
4,03;5,04;1,46;4,75;6,08;6,5;6,26;5,96
3,89;5,04;0,73;4,85;5,44;5,12;6,28;6,26
4,34;5,9;3,66;4,67;5,32;5,06;5,98;5,06
4,34;5,66;0,43;4,5;5,64;5,88;5,98;5,69
3,95;5,75;2,49;4,56;5,17;4,89;6,01;5,24
4,23;5,49;0,58;4,5;5,89;6,39;6,23;5,58
4,79;6,45;0,58;4,51;6,1;6,79;6,28;5,82
4,43;5,97;1,9;4,59;5,44;5,38;6,23;5,93
4,32;5,58;2,92;5,11;6,31;6,61;6,39;6
4,03;5,35;0,58;4,59;5,44;5,4;6,16;5,27
4,25;5,43;0,43;4,55;5,91;6,36;6,03;5,93
4,02;5,07;2,19;4,7;5,69;5,79;5,93;5,08
4,51;6,32;1,75;4,48;5,63;5,87;5,93;5,83
3,87;5,68;0,43;4,78;5,68;5,68;6,09;5,75
3,77;5,01;1,61;4,93;5,73;5,63;6,09;5,25
3,85;5,35;1,46;5;6,31;6,71;6,09;5,64
4;5,05;0,58;4,59;5,52;5,55;6,31;5,36
4,22;5,46;1,46;4,77;6,02;6,37;6,36;6,18
3,76;4,98;1,61;5,13;6,03;6,03;6,59;6,37
4,96;6,32;3,95;5,26;6,76;7,35;7,11;6,7
3,99;5,42;0,43;4,48;5,67;5,97;5,85;5,01
3,83;4,91;1,61;4,5;5,13;4,86;5,98;5,19
4,16;6,13;1,75;4,62;5,27;5,03;5,92;5,6
3,64;5,38;0,73;5;6;6,1;5,89;5,69
3,8;5,35;2,05;5,05;5,77;5,6;6,58;5,81
4,26;5,55;0,73;5,04;6,45;6,96;6,38;5,51
3,8;5,38;2,63;4,86;5,36;4,95;6,04;5,39
4,14;5,6;0,73;4,54;5,37;5,3;5,95;5,09
3,39;5;0,87;5,21;6,2;6,29;5,98;5,09
3,95;5,32;2,05;4,49;5,34;5,29;5,94;5,5
4,67;6,64;1,75;4,48;5,23;5,08;6,04;5,92
3,79;4,82;1,17;4,55;5,68;5,92;6,04;5,31
3,84;5,72;0,29;4,89;5,78;5,78;6,14;5,42
4,12;5,75;1,61;4,61;5,6;5,68;5,91;5,61
3,82;5,49;1,17;4,75;5,59;5,52;6,07;5,58
4,46;5,74;1,61;4,68;6,04;6,5;6,13;5,33
4,3;5,81;1,61;4,48;5,66;5,94;6,16;6,04
3,91;5,26;1,31;4,63;5,78;6,02;5,95;5,81
4,2;5,37;2,92;4,9;5,92;6,04;6,38;5,55
4,38;6,28;1,31;4,75;5,82;6;6,17;6
4,74;6,39;2,19;4,84;6,25;6,77;6,29;5,79
4,75;5,86;2,19;4,71;6,24;6,87;6,36;6,15
4,44;6,26;1,02;4,57;5,28;5,09;6,06;6,02
3,56;4,94;0,58;4,65;5,18;4,81;5,99;5,47
4,57;5,57;1,9;4,98;6,43;6,97;7,13;6,17
4,19;5,94;0,87;4,7;5,43;5,25;6,19;5,5
3,97;5,67;0,29;4,57;5,55;5,62;5,97;5,82
4,04;5,13;3,07;4,76;5,65;5,65;6,17;5,49
4,27;5,38;0,73;4,89;6,03;6,27;6,98;6,54
4,09;5,53;0,87;4,7;5,76;5,93;6,09;5,75
4,39;5,96;1,9;4,62;5,87;6,23;6,02;5,59
5,44;6,76;0,58;4,69;6,63;7,67;7,02;6,57
4,05;5,81;0,43;4,55;5,52;5,59;6,12;5,72
4,79;5,87;3,07;4,59;6,25;7,02;6,68;6,47
4,38;6,05;0,58;4,58;5,64;5,81;5,96;5,81
3,76;4,82;0,58;4,67;5,62;5,66;5,94;4,97
4,31;5,57;1,75;4,57;5,47;5,48;6,01;5,92
4,19;5,94;0,58;4,68;5,98;6,39;6,07;6,05
4,46;6,43;1,17;5,08;6;6,03;6,62;6,61
4,91;6,35;3,51;4,74;5,97;6,3;6,54;6,03
4,51;6,38;2,78;4,56;5,56;5,66;6,33;6,12
4,85;6,62;0,73;4,55;6,03;6,62;5,99;5,29
4,03;5,09;0,73;4,55;5,42;5,39;6,27;5,75
4,01;5,54;0,87;4,84;5,65;5,56;6,11;5,42
5,01;6,83;2,34;4,8;6,5;7,3;7;6,61
4,38;6,09;3,66;4,93;6,05;6,26;6,21;5,28
4,54;6,28;1,17;4,6;5,61;5,72;6,07;5,68
4,29;6,18;0,73;5,07;6,3;6,64;6,55;6,37
3,88;5,4;1,9;4,92;5,75;5,69;6,06;5,1
4,69;6,58;0,58;4,8;6,03;6,37;6,23;5,76
4,16;5,19;1,02;4,54;5,6;5,75;5,97;5,5
4,32;5,48;1,61;4,63;6,05;6,56;6,3;5,41
3,73;4,9;0,43;4,53;5,15;4,87;6,06;5,19
4,8;6,76;1,9;5,79;7,1;7,51;7,82;7,41
3,75;5,34;1,61;4,72;5,45;5,29;6,03;5,52
4,76;6,62;1,61;4,59;5,72;5,95;6,08;6,03
4,18;5,55;1,75;4,53;5,48;5,53;6,27;6,21
4,83;6,75;0,29;4,54;6,06;6,68;5,93;5,54
4,6;5,72;2,34;4,59;6,01;6,53;5,99;5,93
4,84;6,73;0,29;4,62;6,09;6,66;6,07;5,37
3,94;5,23;2,34;4,92;5,8;5,78;6,73;5,8
4,44;6,37;1,75;4,59;5,23;4,96;6,1;6,02
3,78;5,03;3,36;4,66;5,34;5,12;6,06;6,01
3,73;4,75;1,17;4,65;5,71;5,86;6,04;5,61
4,41;5,42;1,61;4,67;6,18;6,78;6,02;6
4,7;6,18;0,87;4,56;6,12;6,77;6;5,73
4,03;5,14;0,73;4,7;5,74;5,88;6,11;5,39
4,76;6,24;1,17;4,53;6,01;6,58;5,87;5,61
4,38;5,42;0,58;4,51;5,54;5,67;6,25;5,48
3,98;5,07;0,29;4,58;5,82;6,17;5,97;5,01
4,53;6,31;1,75;4,55;5,86;6,26;5,96;5,72
4,4;6,02;4,24;4,55;5,26;5,07;6,27;5,65
4,04;5,82;1,17;5,18;6,29;6,51;6,45;6,09
5,18;7,07;1,75;4,53;5,92;6,4;6,61;6,47
4,22;5,86;0,43;4,59;5,36;5,22;6,27;6
4,25;5,31;1,17;4,59;6,06;6,64;5,99;5,24
3,47;4,59;0,29;4,49;5,16;4,93;5,92;5,09
4,72;6,42;1,75;4,53;6,01;6,6;6;5,1
4,4;6,02;0,73;4,59;5,41;5,33;6,05;5,06
3,72;5,54;0,73;5,31;6,29;6,37;6,42;5,64
4,36;5,63;1,46;4,75;6,04;6,44;6,12;5,84
4,83;6,48;3,95;4,76;6,3;6,93;6,17;5,96
5,25;6,83;3,51;5,16;6,46;6,86;8,03;7,06
4,95;6,79;1,46;4,56;6,05;6,64;5,95;5,62
4,72;6,3;1,17;4,81;6,09;6,46;6,44;5,96
3,54;4,63;1,17;4,49;5,19;4,98;5,91;5,14
4,57;6,53;4,24;4,65;5,93;6,32;6,02;5,1
4,97;6,27;4,1;5,19;6,91;7,73;7,38;6,52
3,59;4,64;0,58;4,53;5,16;4,89;5,99;5,9
4,46;6,41;0,73;4,51;5,11;4,81;5,97;5,11
5,07;6,98;1,75;4,81;6,11;6,51;6,99;6,98
4,01;5,14;1,9;4,59;5,5;5,52;6,24;5,64
4,07;5,32;1,61;4,49;5,63;5,87;5,86;5,6
4,45;5,73;1,9;4,49;5,4;5,4;6,02;5,54
4,61;6,17;3,07;5,01;6,18;6,45;6,72;6,03
4,63;6,3;0,87;4,57;5,88;6,29;6,34;6,03
3,92;5,51;1,9;4,91;5,5;5,2;6,09;5,35
3,94;5,05;1,75;4,56;5,38;5,29;5,98;5,25
2,68;4,47;3,22;6,51;6,92;6,43;6,96;6,17
4,68;6,5;0,87;4,81;6,07;6,43;6,3;5,45
4,63;6,01;2,63;4,5;5,57;5,75;5,92;5,75
4,37;5,84;0,73;4,72;5,82;6,03;6,19;5,82
4,51;6,04;2,63;5,51;6,98;7,56;7,08;6,64
4,93;6,12;2,78;5,18;6,48;6,88;7,76;7,73
4,43;6,12;0,73;5,05;6,29;6,64;7,11;6,17
4,15;5,35;3,07;4,6;5,21;4,92;6,04;5,19
4,39;5,81;0,43;4,94;6,05;6,26;6,62;5,82
4,56;6,28;1,9;4,64;5,96;6,37;6,41;6,33
4,35;6,08;1,17;4,52;5,42;5,42;6,07;5,88
4,27;5,75;1,31;5,13;6,43;6,84;6,67;6,51
4,05;5,59;1,61;4,65;5,77;5,98;6,07;5,16
4,18;5,84;2,63;4,66;5,18;4,79;5,95;5,21
4,04;5,27;3,66;5,35;6,32;6,39;6,59;6,03
4,24;5,75;0,43;4,49;5,88;6,37;5,85;5,62
4,2;5,32;0,87;4,67;6,18;6,79;6,1;5,48
4,92;6,1;1,75;4,62;6,16;6,8;6,94;6,4
3,95;5,45;1,31;4,63;5,25;4,97;6,13;5,4
3,75;4,94;1,17;4,8;5,84;5,98;6,09;5,47
4,56;6,53;1,9;4,56;5,75;6,03;5,86;5,75
3,52;5,04;0,58;5,4;6,13;5,96;6,63;6,61
4,49;6,39;0,73;4,5;5,51;5,62;6,6;6,13
4,38;6,35;2,63;4,61;5,38;5,25;6,08;5,37
4,05;5,51;1,02;4,62;5,56;5,6;6,06;5,68
3,82;5,04;0,58;4,49;5,26;5,14;5,9;4,93
4,41;6,39;2,05;5,16;6,45;6,85;6,07;5,86
4,38;5,58;2,34;4,67;5,7;5,83;6,12;5,13
4,51;6,33;0,43;4,57;5,85;6,24;6;5,88
4,33;6,01;1,75;4,91;6,28;6,76;6,04;5,91
3,92;5,21;0,58;4,59;5,8;6,11;5,91;5,74
0,94;2,37;2,92;8,84;8,84;7,94;7,67;7,56
4,78;6,41;3,8;4,6;5,47;5,43;6,53;5,96
4,45;6,12;3,07;4,79;6,24;6,78;6,28;6,26
3,82;5,25;0,58;4,49;5,4;5,41;5,98;5,98
4;5,25;0,87;4,48;5,45;5,51;5,86;5,33
3,61;5,53;0,43;4,75;5,28;4,92;5,91;5,03
2,26;3,65;2,49;6,51;6,76;6,12;6,85;6,39
4,3;5,85;0,29;4,59;5,48;5,47;6,05;5,7
4,34;6,27;1,61;4,69;5,8;6,02;6,23;6,04
4,33;5,71;1,17;4,7;5,73;5,86;6,16;5,77
4,47;6,21;2,49;4,58;5,82;6,17;6,2;5,24
4,36;6,29;0,87;5,35;6,3;6,35;6,78;5,9
4,37;5,84;0,58;4,57;5,99;6,5;6;5,27
4,62;5,89;2,49;4,55;5,98;6,51;6,13;5,9
4,72;6,39;0,43;4,53;6,03;6,62;5,98;5,66
3,99;5,47;3,51;4,56;5,33;5,2;5,89;4,91
4,35;6,29;1,46;4,66;6,01;6,47;5,98;5,75
4,69;6,68;1,17;4,63;6,22;6,91;6,14;6,1
4,43;6,15;0,87;4,57;5,97;6,46;5,92;5,72
4,58;6,18;1,02;4,6;6,22;6,93;6,34;5,55
4,01;5,87;1,61;5,53;6,75;7,07;7,01;6,98
4,41;5,85;0,58;4,49;5,49;5,6;6,09;5,8
4,69;6,67;2,63;5,03;6,22;6,51;6,44;5,91
4,54;6,1;2,05;4,63;5,63;5,72;6,2;6,15
4,55;6,39;0,58;4,56;5,38;5,3;6,37;5,92
4,15;5,77;1,46;4,54;5,49;5,53;5,93;5,82
4,4;5,54;3,07;4,56;5,59;5,72;6,01;5,48
5,54;6,77;0,73;6,21;8,53;9,95;9,95;9,09
5,21;7,05;1,46;4,6;6,25;7;6,22;5,95
4,01;5,46;0,29;4,55;5,87;6,3;5,9;5,69
4,3;6,29;2,19;4,72;5,6;5,59;6,21;5,99
3,61;4,8;1,46;4,5;5,06;4,73;5,87;5,59
4,3;6,08;0,43;4,53;5,32;5,21;6;5,94
4,33;5,35;0,73;4,64;5,93;6,31;6,19;5,31
4,31;5,48;1,46;4,48;5,92;6,46;5,89;5,27
4,35;5,4;2,49;4,88;6,29;6,81;6,32;5,87
4,48;6,09;1,75;5,04;6;6,06;7,21;6,49
4,1;6,01;1,31;4,48;5,24;5,1;5,92;5,31
3,47;4,48;0,73;4,57;5,24;5,02;5,86;5,38
4,28;5,37;1,31;4,71;6,22;6,83;6,24;5,9
3,38;4,61;2,92;4,81;5,36;5,01;5,95;5,27
4,11;5,28;2,05;4,62;5,77;6,01;5,97;5,79
4,16;5,93;1,61;4,55;5,27;5,09;5,92;5
3,29;4,75;1,61;5,58;6,65;6,81;6,18;5,93
4,14;5,29;0,87;4,65;5,58;5,61;6,06;5,91
4,02;5,6;1,9;4,87;5,6;5,42;6,29;5,6
4,33;5,9;0,87;4,61;5,41;5,32;6,1;5,36
4,9;6,48;2,78;4,54;5,96;6,48;6;5,58
4,8;6,53;0,87;4,5;5,85;6,31;5,88;4,88
3,98;5,96;0,58;4,64;5,38;5,22;6,15;5,94
4,24;5,94;1,17;4,54;5,95;6,47;5,89;4,99
4,16;5,77;3,22;5,77;6,57;6,46;7,25;6,37
3,54;4,66;2,05;5,32;5,78;5,34;6,35;6,19
4,2;5,81;0,73;4,51;5,52;5,63;5,97;5,32
4,73;6,21;0,29;4,57;6,16;6,85;6,36;5,81
4,36;5,39;1,75;4,52;5,63;5,85;5,97;5,21
4,46;5,72;0,87;4,6;5,8;6,09;6,26;5,94
4,32;5,88;2,34;4,58;5,38;5,29;5,96;5,18
4,57;5,86;1,02;4,51;6,08;6,75;6,44;6,28
4,16;5,33;1,46;4,71;5,67;5,72;6,39;5,51
3,95;5,47;1,31;4,74;5,82;6;6,04;5,85
4,1;5,52;0,58;4,64;5,96;6,39;5,95;5,09
4,51;5,86;0,58;4,71;5,98;6,36;6,13;5,76
4,57;6,32;1,75;4,92;6,17;6,52;6,31;5,57
4,31;5,47;2,34;4,82;6,08;6,45;6,78;6,32
4,26;5,31;0,58;4,82;6,23;6,75;5,99;5,75
5,2;6,93;1,61;4,53;6,32;7,21;6,43;5,83
4,51;6,23;2,05;4,52;5,31;5,2;6;5,48
4,35;6,11;4,1;5,01;6,02;6,12;6,05;5,76
5,21;6,87;3,8;4,74;6,05;6,46;7,26;6,63
3,96;5,16;2,78;4,87;6,07;6,37;6,01;5,21
3,98;5,23;0,43;4,52;5,15;4,88;5,97;5,12
4,05;5,73;2,49;4,76;5,5;5,33;6,1;5,17
4,62;6,05;1,75;4,52;5,63;5,83;6,31;6,11
4,99;6,72;0,87;4,64;5,97;6,4;6,61;5,7
4,08;5,95;0,29;4,47;5,43;5,48;5,91;5,15
3,95;5,66;1,02;4,65;5,24;4,93;5,97;4,97
4,87;6,49;1,46;4,69;6,25;6,9;6,11;5,96
4,29;5,84;2,63;5,48;6,69;6,99;6,7;5,93
4,52;6,29;2,34;5,18;6,08;6,08;6,91;6,78
3,87;5,16;0,58;4,68;5,3;5,03;5,94;4,99
4,04;5,13;2,05;4,62;5,32;5,12;6,03;5,62
4,17;5,75;0,43;5,62;7,02;7,53;7,23;7,1
4,84;6,73;0,43;5,14;6,34;6,64;7,51;6,6
4,15;5,29;2,05;4,82;6,08;6,44;5,97;5,05
3,61;5,51;2,19;5,12;5,62;5,22;6,24;6,06
3,92;5,88;0,58;4,84;5,72;5,69;6,12;6,06
4,37;5,82;2,63;4,82;6,25;6,79;6,54;6,05
4,52;6,44;2,78;5,01;6,11;6,3;6,21;5,27
3,61;4,9;1,46;4,7;5,42;5,24;6,14;5,38
4,3;5,51;1,9;4,53;5,63;5,83;6,1;5,12
5,23;7,09;2,63;4,66;6,09;6,63;7,29;6,87
4,64;6,09;0,58;4,54;6,02;6,61;5,91;5,69
4,18;5,47;0,58;4,5;5,44;5,49;5,93;5,26
3,7;4,94;0,43;4,6;5,61;5,73;6,01;5,81
4,78;6,33;3,66;5,04;6,55;7,17;6,45;6,01
4,15;5,31;0,43;4,52;5,74;6,06;6,03;5,51
4,13;5,29;0,29;4,53;5,41;5,38;5,93;5,9
4,51;5,74;0,73;4,6;6,14;6,79;6,04;5,21
4,32;5,62;0,73;4,55;5,64;5,84;6,24;5,83
4,44;6,26;0,29;4,53;6,02;6,61;5,91;5,76
4,66;6,33;0,58;4,54;6,16;6,87;6,23;5,75
4,36;6,08;1,02;4,56;5,27;5,08;6,14;5,32
3,99;5,04;3,22;4,59;5,61;5,73;6,01;5,71
4,06;5,44;0,73;4,66;5,29;5,02;6,08;6,01
4,3;6,06;0,58;4,48;5,3;5,22;6;5,52
4,13;5,91;1,75;4,59;5,72;5,95;5,97;5,72
4,12;5,36;1,46;4,54;5,62;5,81;5,99;5,55
3,72;5,36;2,63;4,89;5,49;5,2;6,04;5,43
4,65;6,46;2,19;4,52;5,46;5,49;6,03;5,14
6,3;7,32;2,19;4,96;7,58;9,29;8,97;8,71
3,33;4,6;2,34;5,68;6,77;6,96;6,5;6,17
3,98;5,12;1,61;5,09;6,57;7,14;6,46;5,74
4,03;5,59;0,43;4,57;5,14;4,81;5,97;5,43
4,6;5,76;3,66;5,14;6,52;7;7,61;7,58
5,07;6,46;3,07;4,65;6,28;7,01;6,22;5,67
4,97;6,77;3,95;4,55;5,85;6,24;6,41;6,16
4,64;6,44;0,58;4,49;5,53;5,68;5,93;5,72
4,21;5,77;0,87;4,59;5,96;6,44;6,11;5,33
4,82;5,98;1,9;4,64;5,96;6,38;6,62;6,19
4,6;6,37;1,31;4,79;6,3;6,92;6,33;5,89
3,74;4,8;1,61;4,59;5,38;5,26;5,91;4,92
4,25;6,04;1,61;4,62;5,81;6,1;5,99;5,75
4,37;5,98;0,43;4,73;5,61;5,6;6,28;5,5
4,33;5,89;1,61;5,26;6,84;7,52;6,86;6,14
4,6;5,98;3,07;4,48;6,04;6,7;5,97;5,45
4,21;5,32;0,29;4,52;5,85;6,28;5,91;5,2
4,28;5,79;3,51;4,78;5,89;6,11;5,93;5,79
3,96;5,15;1,02;4,58;5,36;5,24;5,92;5,4
4,63;6,35;2,05;4,5;6,02;6,65;6,02;5,47
5,07;7;1,61;4,56;6,2;6,93;6,44;5,85
4,45;6,07;1,75;4,61;5,56;5,61;6,12;5,15
5,31;6,32;2,34;5,38;7,38;8,48;8,14;7,25
4;5,17;0,73;4,87;5,75;5,74;6,22;5,23
4,68;6,61;2,19;4,55;5,51;5,56;6,29;5,36
4,45;6,42;2,63;4,78;6,11;6,54;6,05;5,38
4,38;6,2;1,02;4,85;5,6;5,45;6,54;5,89
4,2;5,69;0,29;4,65;5,62;5,69;6,05;5,67
4,42;5,88;1,61;4,78;5,86;6,03;6,17;6,15
4,19;5,79;0,58;4,5;5,62;5,85;6,04;5,11
4,88;6,57;1,46;4,72;6,52;7,43;6,74;6,48
3,89;5,24;0,87;4,53;5,67;5,91;5,89;5,04
4,28;5,81;0,43;4,64;5,63;5,73;6,2;5,86
3,53;4,62;0,73;5,65;6,68;6,81;6,73;6,19
4,75;6,69;3,66;4,57;5,46;5,45;6,36;5,97
4,81;6,64;3,36;4,68;6,15;6,73;6,12;5,73
4,13;5,42;0,43;4,55;6,1;6,75;6;5,91
3,28;4,32;2,78;6,04;6,84;6,74;7,45;6,98
4,06;5,29;0,58;4,51;5,8;6,19;5,87;4,93
3,63;5,54;2,92;5,55;6,03;5,61;6,34;6,11
4,54;5,91;0,87;4,48;5,68;5,99;5,95;5,33
4,15;5,7;2,05;4,77;5,85;6,04;5,94;5,94
4,63;6,41;1,9;4,61;5,83;6,15;6,44;5,98
4,21;5,68;1,46;4,53;5,56;5,69;5,89;5,08
2,71;3,84;0,58;5,94;6,53;6,21;6,52;6,5
3,47;5,31;1,75;5,52;6,27;6,11;6,56;6,03
4,73;6,44;4,1;4,47;5,95;6,53;5,93;5,77
4,89;6,87;5,27;5,17;6,31;6,54;6,81;6,18
3,58;4,74;0,29;4,47;5,32;5,26;5,87;5,44
4,49;5,78;1,02;4,49;5,67;5,95;6,08;5,24
2,73;4,46;0,29;5,59;5,7;4,91;5,96;5,43
4,48;6,44;0,29;4,52;5,42;5,41;6,02;5,66
3,91;5,24;0,43;4,55;5,31;5,18;6,25;5,69
4,25;6,17;1,17;4,58;5,73;5,98;5,99;5,67
3,52;5,48;0,43;5,52;6,47;6,51;5,96;5,94
4,13;6,03;0,29;4,88;5,78;5,78;5,94;5,92
4,29;5,37;2,63;4,52;5,43;5,44;6,14;6,13
4,43;5,91;0,43;4,5;5,6;5,79;6,25;5,54
3,38;4,5;0,29;5,02;6,18;6,43;6,07;5,79
4,41;5,85;1,75;4,69;6,02;6,44;6,03;5,82
3,57;5,17;0,87;5,72;6,67;6,71;6,5;5,71
3,75;5,14;2,78;4,94;5,91;5,98;6,1;5,76
4,57;6,06;2,19;4,56;5,47;5,47;6,13;5,5
4,13;5,35;1,02;5,01;6,32;6,73;6,58;6,17
4,57;6,27;1,46;4,98;6,05;6,23;7,05;6,8
4,06;5,12;0,73;4,89;6,09;6,4;6,23;6,23
4,15;5,45;2,34;4,6;5,23;4,95;6;5,13
3,58;4,69;0,58;4,69;5,37;5,14;6,08;5,61
4,55;5,66;0,29;4,59;6,04;6,6;6,24;5,55
3,63;4,95;2,78;5,46;6,1;5,85;6,61;5,98
4,17;5,59;2,34;5,31;6,62;7,03;6,85;6,34
4,34;5,62;1,31;4,58;6,2;6,92;6,23;6,07
4,04;5,18;1,46;4,98;5,98;6,07;6,49;5,87
4,4;6,31;2,05;5,08;6,4;6,83;6,18;5,71
3,72;4,96;2,19;4,56;5,15;4,85;6,01;5,3
3,91;5,34;1,17;4,69;5,61;5,62;6,31;5,56
2,83;4,18;1,61;7,5;8,38;8,37;8,45;7,72
4,11;6,03;0,29;4,73;5,98;6,34;5,92;5,21
4,76;6,56;1,46;4,54;6,12;6,81;6,3;6,11
4,47;6,39;0,43;4,5;5,29;5,18;6;5,98
3,93;5,54;2,78;4,83;5,68;5,63;6,18;5,69
4,72;6,72;2,63;4,52;5,43;5,44;5,93;5,74
4,02;5,43;4,83;4,75;5,81;5,97;6,01;5,49
3,56;4,89;1,17;4,54;5,17;4,89;5,89;5,29
4,43;6,08;1,17;4,53;5,73;6,04;6,14;5,37
3,97;5,54;1,17;4,66;5,58;5,6;6,02;5,19
4,16;5,72;1,31;4,6;5,53;5,56;6,01;5,58
4,54;5,59;1,75;4,51;6,12;6,83;6,3;5,78
4,23;5,72;0,29;4,52;5,19;4,95;6,09;5,5
4,27;5,89;1,02;4,54;5,45;5,46;5,98;5,64
4,36;5,95;1,61;4,56;5,79;6,12;6,01;5,81
3,99;5,42;1,75;4,71;5,49;5,37;6,57;6,08
4,48;5,93;0,87;4,5;5,49;5,59;6,25;6,16
4,6;6,15;1,61;5,01;6,35;6,79;6,7;6,48
4,73;6,64;0,73;4,51;5,5;5,59;6,11;5,35
4,43;5,61;1,46;4,56;5,86;6,27;6;5,57
3,87;5,12;2,19;4,74;5,8;5,96;6,07;5,23
4,91;6,24;2,34;5,15;6,93;7,81;7,62;7,44
4,01;5,1;0,87;4,67;5,68;5,78;6,54;5,65
4,19;5,54;0,87;4,59;5,96;6,44;5,98;5,66
4,65;6,64;0,43;4,48;5,91;6,43;5,86;4,98
3,96;4,98;1,02;4,76;6,26;6,87;6,2;5,21
4,77;6,52;0,43;4,56;5,64;5,81;6,49;5,68
4,12;5,84;1,61;4,55;5,31;5,18;5,89;4,93
4,29;5,85;0,87;4,49;5,38;5,37;6,01;5,61
4,66;5,67;0,58;4,72;6,57;7,52;6,93;6,2
4,62;6,28;0,29;4,51;5,95;6,49;6,01;5,56
4,22;5,81;0,43;4,5;5,58;5,75;5,97;5,26
4,91;6,3;1,75;4,65;6,08;6,62;6,55;6,25
4,19;5,88;0,43;5;6,31;6,71;5,97;5,64
3,14;4,24;1,46;6,45;7,56;7,76;7,19;6,42
4,8;6,58;4,1;5,06;6,48;7;6,6;5,63
3,93;5,26;2,49;4,53;5,16;4,89;5,98;5,52
