sortimento;reposição;layout;conforto;limpeza;atendimento;preço;desconto
6,05;4,76;6,44;6,44;6,09;1,17;4,43;6,23
5,45;4,65;5,34;6,16;5,72;2,34;4,10;5,38
6,09;5,03;6,25;5,96;5,56;2,34;3,61;5,01
5,27;4,55;5,08;6,16;5,27;1,02;4,25;5,65
5,97;4,50;6,54;6,02;5,08;1,90;4,48;6,10
5,70;4,76;5,74;6,33;5,89;0,87;4,40;6,20
6,36;5,06;6,76;6,16;6,03;2,19;4,39;6,11
5,98;4,51;6,54;5,85;5,10;0,43;4,74;6,32
5,42;4,52;5,42;5,98;5,02;0,29;4,20;6,18
6,11;5,31;6,01;6,21;5,63;2,34;3,30;4,67
6,13;4,83;6,53;6,29;6,19;1,61;4,57;6,22
5,81;5,09;5,64;6,41;5,62;1,17;3,91;5,81
5,33;4,59;5,16;6,28;5,54;1,61;4,50;5,99
5,33;4,49;5,26;5,89;5,83;3,36;4,21;5,73
5,44;4,72;5,27;5,91;5,19;0,73;4,13;5,76
6,04;4,56;6,63;6,18;5,90;1,17;4,65;6,15
5,26;4,52;5,10;6,24;6,11;0,58;3,86;5,13
5,98;4,92;6,13;6,37;5,83;0,58;3,65;4,76
5,38;4,62;5,24;6,43;5,85;4,10;4,28;5,51
6,60;4,67;7,63;7,32;7,21;3,36;5,67;7,48
6,50;5,13;6,98;6,99;6,05;1,46;4,38;6,15
5,53;4,71;5,45;6,01;5,71;1,75;4,12;5,71
5,57;4,69;5,56;6,27;5,37;0,87;3,63;4,64
5,44;4,49;5,49;5,98;5,57;0,43;3,97;5,28
5,86;4,75;6,07;6,26;5,83;1,46;4,66;6,65
5,94;4,59;6,40;6,07;5,18;1,02;4,22;5,33
6,06;4,54;6,67;6,09;6,07;0,58;4,24;5,27
6,33;4,85;6,91;6,28;5,49;0,73;4,43;6,16
5,39;4,67;5,20;5,98;5,24;3,66;4,00;5,55
5,63;4,88;5,48;6,50;5,66;1,02;3,89;5,34
5,31;4,53;5,19;5,95;5,71;0,29;3,74;5,00
5,94;4,50;6,49;5,98;5,35;0,43;4,59;6,48
5,24;4,56;5,02;6,01;5,39;2,49;4,60;6,47
5,78;4,50;6,17;6,23;6,20;0,58;4,65;6,51
5,56;4,63;5,58;6,08;5,66;0,58;4,07;5,50
5,85;4,51;6,29;6,28;6,07;0,58;4,71;6,22
6,17;4,59;6,86;6,23;5,32;1,90;4,65;5,96
6,11;5,11;6,21;6,39;5,66;2,92;4,02;5,26
6,07;4,59;6,65;6,16;5,29;0,58;4,62;6,23
5,35;4,70;5,11;5,93;5,10;2,19;4,22;6,19
5,93;5,00;5,97;6,94;6,57;3,22;4,78;6,31
5,46;4,48;5,54;5,93;5,83;1,75;4,63;6,61
5,67;4,78;5,66;6,09;5,57;0,43;4,03;5,60
5,94;4,93;6,06;6,09;6,03;1,61;3,64;5,01
6,67;6,12;6,32;7,31;7,17;1,17;3,53;5,33
5,96;4,51;6,51;6,03;5,22;0,73;4,32;5,40
5,44;5,00;4,98;6,09;5,72;1,46;3,37;4,56
5,26;4,79;4,83;5,99;5,73;0,73;3,89;5,66
6,23;4,59;6,97;6,31;5,86;0,58;4,72;6,06
6,17;4,77;6,67;6,36;5,45;1,46;4,80;6,63
6,54;5,13;7,05;6,59;5,98;1,61;3,97;5,08
6,01;4,48;6,63;5,94;5,35;1,75;4,36;5,60
6,10;5,26;6,04;7,11;6,62;3,95;4,24;5,60
6,04;4,50;6,68;5,98;5,27;1,61;4,70;6,50
5,28;4,62;5,04;5,92;5,12;1,75;3,96;5,83
5,56;5,00;5,23;5,89;5,87;0,73;2,94;3,98
6,53;5,04;7,11;6,38;5,66;0,73;4,29;5,50
5,56;4,86;5,35;6,04;5,26;2,63;3,83;5,37
5,71;4,54;5,99;5,95;5,56;0,73;4,23;6,06
6,71;4,90;7,61;6,82;5,89;2,49;5,38;7,31
5,95;5,21;5,79;5,98;5,54;0,87;3,37;5,10
5,21;4,49;5,03;5,94;5,20;2,05;4,45;6,13
5,81;4,90;5,81;6,24;5,45;0,43;3,55;4,78
5,94;4,48;6,49;6,04;5,52;1,75;4,60;6,40
5,41;4,55;5,37;6,04;5,66;1,17;3,72;4,99
5,89;4,53;6,35;5,95;5,82;1,17;4,18;5,66
5,91;4,62;6,29;6,09;5,45;1,17;4,39;6,06
5,39;4,67;5,21;6,27;5,55;1,46;3,95;5,71
5,49;4,75;5,33;6,07;6,04;1,17;3,90;5,02
5,49;4,68;5,40;6,13;5,91;1,61;3,80;5,03
5,29;4,63;5,04;5,95;5,34;1,31;3,90;5,75
5,76;4,76;5,85;6,20;5,20;1,90;4,22;5,81
6,93;6,57;6,39;7,02;6,90;2,78;2,78;4,29
5,88;4,58;6,27;5,91;5,56;2,78;4,44;5,62
5,76;4,90;5,71;6,38;5,58;2,92;4,03;5,46
5,68;4,84;5,62;6,29;5,66;2,19;4,12;5,92
6,07;4,71;6,53;6,36;6,22;2,19;4,63;6,05
5,56;4,57;5,64;6,06;5,65;1,02;4,29;6,04
5,64;4,53;5,84;6,35;5,98;0,29;4,59;5,82
6,46;4,87;7,16;6,39;6,03;3,95;4,38;5,64
5,96;4,92;6,10;6,13;6,00;1,61;4,09;6,04
6,29;4,70;6,98;6,19;5,68;0,87;4,38;5,89
6,05;4,76;6,44;6,17;5,78;3,07;4,35;5,38
6,05;4,53;6,68;6,04;5,68;0,29;4,32;5,48
5,96;4,89;6,12;6,98;6,44;0,73;4,29;5,75
6,23;4,70;6,87;6,09;5,24;0,87;4,56;5,85
5,47;4,50;5,55;5,91;5,45;1,61;4,48;5,98
5,75;4,69;5,92;7,02;6,89;0,58;4,46;6,08
6,00;4,54;6,56;5,91;5,63;1,31;4,42;5,76
5,30;4,68;5,01;6,04;5,82;1,75;3,82;5,14
5,72;4,58;5,96;5,96;5,12;0,58;4,12;5,55
5,35;4,57;5,23;5,96;5,50;1,31;3,98;5,72
5,71;4,53;5,98;6,23;5,23;0,29;4,16;5,59
5,73;4,67;5,89;5,94;5,25;0,58;3,90;4,90
5,71;4,57;5,94;6,01;5,51;1,75;4,39;5,57
5,26;4,72;4,90;6,03;5,93;0,73;3,54;4,80
6,22;4,68;6,85;6,07;5,43;0,58;4,52;5,72
6,34;5,08;6,71;6,62;6,14;1,17;4,48;5,99
5,84;4,74;6,04;6,54;6,17;3,51;4,30;5,67
5,34;4,50;5,28;6,16;5,76;1,46;4,04;5,27
5,83;4,55;6,21;5,99;5,42;0,73;4,50;6,41
5,55;4,55;5,66;6,27;6,25;0,73;4,52;6,43
6,07;4,85;6,39;5,95;5,90;1,46;4,30;5,71
5,62;4,84;5,50;6,11;6,07;0,87;4,04;5,66
6,05;4,80;6,39;7,00;6,22;2,34;4,69;6,45
6,26;4,93;6,70;6,21;5,54;3,66;4,51;5,87
6,18;4,75;6,70;6,20;5,80;1,75;4,61;6,12
5,78;4,60;6,06;6,07;5,17;1,17;4,45;6,05
6,27;4,82;6,82;6,25;5,90;1,02;4,58;6,22
6,04;5,07;6,12;6,55;5,56;0,73;4,08;5,30
5,89;4,54;6,34;5,97;5,80;1,02;4,31;5,65
5,66;4,77;5,64;5,97;5,05;0,29;3,71;5,04
5,20;4,53;4,97;6,06;5,63;0,43;4,15;6,05
5,48;4,54;5,52;5,95;5,12;1,17;3,99;5,37
7,09;5,79;7,49;7,82;7,65;1,90;4,45;5,63
5,79;4,72;5,97;6,03;5,27;1,61;4,36;6,00
5,83;4,54;6,21;5,89;5,65;0,73;4,11;5,49
5,67;4,84;5,61;6,05;5,79;1,61;3,60;4,61
5,74;4,59;6,00;6,08;5,82;1,61;4,02;5,07
5,85;4,54;6,26;5,93;5,09;0,29;4,36;6,06
5,87;4,59;6,25;5,99;5,76;2,34;4,15;5,38
5,73;4,60;5,97;6,07;5,85;1,02;4,35;5,89
5,64;4,59;5,79;6,10;5,25;1,75;4,37;5,72
5,68;4,66;5,81;6,19;5,21;3,07;4,32;5,63
5,26;4,66;4,97;6,06;5,28;3,36;4,05;5,94
5,60;4,65;5,65;6,04;5,75;1,17;4,15;5,89
6,42;4,77;7,16;6,69;6,41;1,31;5,21;6,88
5,91;4,67;6,24;6,02;5,59;1,61;4,17;5,32
6,48;5,06;6,99;6,39;6,29;3,36;4,64;6,63
6,54;5,46;6,72;6,57;5,77;1,46;3,91;5,61
5,91;4,56;6,36;6,00;5,32;0,87;4,26;5,34
5,73;4,63;5,93;6,01;5,40;1,46;4,21;5,45
5,98;4,53;6,54;5,87;5,30;1,17;4,24;5,81
5,76;4,51;6,11;6,25;5,63;0,58;4,86;6,67
5,15;4,58;4,83;5,97;5,87;0,29;3,64;5,36
5,77;4,55;6,10;5,96;5,73;1,75;4,65;6,23
6,14;4,55;6,82;6,27;5,81;4,24;5,22;7,14
5,80;5,18;5,52;6,45;6,32;1,17;3,59;4,78
6,01;4,53;6,60;5,91;5,44;1,31;4,81;6,63
5,89;4,53;6,36;6,61;5,82;1,75;5,04;6,75
6,23;4,59;6,97;6,27;5,55;0,43;4,65;6,65
5,87;5,01;5,83;6,50;5,90;1,90;4,03;5,29
5,19;4,59;4,90;5,99;5,03;1,17;4,04;5,24
5,78;4,49;6,17;5,92;5,42;0,29;4,43;5,70
5,78;4,89;5,78;6,19;6,01;0,73;3,71;5,29
6,09;4,59;6,68;6,05;6,01;0,73;4,53;6,35
6,08;4,56;6,70;5,95;5,70;1,46;4,47;6,29
5,56;4,81;5,40;6,44;5,93;1,17;4,07;5,30
5,98;4,49;6,58;5,91;5,73;1,17;4,19;5,36
6,53;5,19;6,98;7,38;7,07;4,10;5,00;6,17
6,16;5,14;6,28;7,47;7,27;1,17;4,75;6,43
6,62;5,26;7,08;6,48;6,30;1,46;4,23;5,95
5,64;4,66;5,72;5,92;5,28;1,17;4,09;5,38
5,31;4,65;5,07;6,19;5,36;0,73;3,91;4,93
5,28;4,59;5,08;6,24;6,00;1,90;4,40;6,04
5,39;4,49;5,38;5,96;5,70;0,43;4,11;5,59
5,12;4,58;4,77;5,93;5,03;0,29;3,72;5,46
5,39;4,52;5,35;6,21;6,09;0,73;4,21;5,51
5,60;4,49;5,81;6,02;5,62;1,90;4,58;6,29
5,55;4,60;5,60;6,14;5,89;0,87;4,06;5,15
6,69;5,01;7,48;6,72;5,75;3,07;4,67;5,74
5,48;4,91;5,15;6,09;5,18;1,90;3,56;4,74
5,31;4,56;5,15;5,98;5,30;1,75;4,03;5,54
6,68;6,51;5,94;6,96;6,37;3,22;2,76;4,19
6,05;4,81;6,40;6,30;5,88;0,87;4,58;6,14
5,70;4,91;5,58;6,64;5,95;0,87;4,33;5,71
6,06;4,72;6,49;6,19;5,28;0,73;3,97;5,02
6,42;4,73;7,22;6,78;6,64;1,90;5,25;6,71
6,45;5,51;6,49;7,08;6,42;2,63;3,53;4,55
6,12;5,05;6,29;7,11;6,23;0,73;4,27;5,91
5,90;4,77;6,13;5,92;5,33;0,73;4,13;5,40
5,50;4,55;5,56;6,03;5,38;0,43;4,04;5,29
5,20;4,60;4,90;6,04;5,87;3,07;4,03;5,12
5,98;4,71;6,34;6,44;5,55;2,34;4,52;5,77
6,17;5,02;6,41;5,99;5,91;3,95;4,23;5,69
6,26;4,94;6,68;6,62;6,10;0,43;4,42;5,57
6,35;4,64;7,15;6,41;5,43;1,90;4,41;5,51
5,19;4,52;4,95;6,07;5,75;1,17;4,51;6,43
5,82;4,51;6,24;6,04;5,15;0,43;4,47;6,27
6,00;5,13;5,97;6,67;6,38;1,31;4,24;5,74
6,01;4,65;6,46;6,07;5,84;1,61;4,62;6,29
6,18;5,35;6,11;6,59;6,55;3,66;3,92;5,18
6,46;4,62;7,41;6,94;6,23;1,75;5,62;7,37
6,04;4,63;6,56;6,13;5,26;1,31;4,11;5,12
5,58;4,55;5,71;6,09;5,34;0,29;3,78;4,81
6,14;4,80;6,59;6,09;5,69;1,17;4,03;5,36
5,10;4,53;4,78;5,92;5,32;0,29;3,80;5,10
5,20;4,56;4,94;5,86;5,57;1,90;4,28;5,90
5,97;4,87;6,17;6,06;5,96;0,43;4,31;5,97
5,78;4,54;6,12;5,99;5,96;1,17;4,48;6,17
6,29;5,40;6,28;6,63;5,98;0,58;3,53;4,63
5,60;4,50;5,81;6,60;6,08;0,73;5,04;6,74
5,65;4,59;5,81;6,14;6,06;1,31;4,44;5,71
5,46;4,70;5,33;6,20;5,74;0,29;3,96;5,59
5,88;4,61;6,24;6,08;5,44;2,63;4,48;5,70
5,84;4,67;6,11;5,99;5,04;1,31;3,82;5,06
5,55;4,73;5,47;6,41;5,78;2,63;4,52;6,20
5,75;4,51;6,10;5,99;5,17;2,49;4,51;6,43
5,25;4,58;5,02;6,03;5,51;1,46;4,06;6,04
5,25;4,49;5,11;5,90;5,46;0,58;4,00;5,21
5,89;5,16;5,72;6,07;5,89;2,05;3,68;5,42
5,63;4,57;5,80;6,00;5,05;0,43;4,08;5,63
5,16;4,59;4,84;5,96;5,31;1,02;3,80;5,23
6,00;4,59;6,52;5,91;5,17;0,58;4,63;6,56
8,68;8,84;7,61;7,67;6,77;2,92;0,67;1,74
5,98;4,60;6,45;6,53;5,80;3,80;4,93;6,77
5,93;4,49;6,47;5,98;5,37;0,58;4,57;6,26
5,58;4,48;5,77;5,86;5,16;0,87;4,05;5,57
5,73;4,56;5,99;6,75;5,96;2,05;5,16;7,00
6,61;4,80;7,52;7,28;7,09;3,22;5,23;6,70
5,49;4,70;5,39;6,06;6,03;3,07;4,18;5,26
7,12;6,51;6,84;6,85;6,20;2,49;2,50;3,88
5,29;4,59;5,08;6,05;5,45;0,29;3,92;5,61
5,97;4,70;6,35;6,16;5,41;1,17;4,29;6,08
5,26;4,58;5,03;6,20;5,90;2,49;4,40;5,94
6,88;5,35;7,50;6,78;6,53;0,87;4,07;5,55
5,34;4,57;5,21;6,00;5,45;0,58;3,80;5,19
5,49;4,55;5,52;6,13;5,83;2,49;4,14;5,63
5,83;4,56;6,20;5,89;5,65;3,51;4,73;6,67
8,52;7,57;8,56;8,45;8,28;2,05;2,86;4,27
6,78;5,06;7,60;7,77;6,93;1,17;5,13;6,97
6,03;4,65;6,51;5,88;5,48;0,87;4,30;5,81
6,10;4,50;6,79;6,19;6,01;1,46;4,73;5,84
5,27;4,63;5,00;6,14;5,46;1,17;4,16;5,88
5,98;4,48;6,58;5,86;5,70;0,43;4,42;5,89
5,58;4,57;5,69;5,92;5,73;0,87;3,89;5,46
5,53;4,60;5,55;6,34;5,81;1,02;4,22;5,26
5,29;4,49;5,20;6,09;6,08;0,58;3,75;5,02
6,17;5,03;6,40;6,44;5,75;2,63;4,62;6,31
5,52;4,63;5,50;6,20;5,47;2,05;4,59;6,21
6,81;5,65;7,06;6,40;6,03;1,46;3,47;4,93
6,05;4,89;6,32;6,11;5,67;3,07;4,31;6,31
5,39;4,54;5,34;5,93;5,43;1,46;4,34;6,31
5,51;4,56;5,56;6,01;5,36;3,07;4,55;6,36
8,36;6,21;9,62;9,95;9,83;0,73;5,91;7,78
5,09;4,55;4,73;5,90;5,61;0,29;4,00;5,39
5,42;4,50;5,43;5,87;5,83;1,46;3,96;5,55
5,55;4,53;5,68;6,00;5,16;0,43;4,24;5,47
5,96;4,49;6,54;5,87;5,21;3,36;4,81;6,65
6,04;4,72;6,46;6,46;5,67;2,19;4,67;6,60
5,95;4,55;6,45;7,01;6,11;1,17;5,25;6,92
5,45;4,54;5,46;6,15;5,49;0,58;4,30;6,21
6,40;5,04;6,85;7,21;6,51;1,75;4,50;5,93
5,27;4,79;4,85;5,91;5,10;0,43;3,69;5,63
5,20;4,48;5,01;5,92;4,92;1,31;3,81;4,90
5,63;4,71;5,65;6,24;5,98;1,31;4,53;6,29
5,28;4,81;4,86;5,95;5,58;2,92;3,47;4,93
5,45;4,56;5,44;5,91;5,35;2,19;3,95;5,11
6,14;4,62;6,76;5,97;5,15;2,05;4,47;5,65
5,49;4,61;5,47;6,10;5,92;0,87;4,10;5,76
5,22;4,61;4,92;5,96;5,01;1,90;4,07;5,83
6,13;4,67;6,69;6,08;5,59;2,49;4,41;6,10
6,16;4,86;6,55;6,08;5,39;1,31;4,15;6,05
7,01;5,77;7,36;7,25;6,72;3,22;3,99;5,59
5,97;4,53;6,51;5,93;5,01;0,73;4,38;5,69
6,44;4,75;7,22;6,63;6,12;0,29;4,73;5,76
6,47;4,77;7,28;6,50;6,41;1,90;4,53;5,83
5,47;4,57;5,46;6,36;6,12;0,29;4,29;5,40
5,16;4,52;4,90;5,97;5,61;1,75;3,93;5,39
5,70;4,65;5,85;6,22;5,88;1,46;4,23;5,40
5,41;4,60;5,31;6,26;5,65;0,87;4,16;5,98
5,60;4,53;5,77;5,95;5,85;1,02;4,01;5,07
5,38;4,58;5,28;5,96;5,14;2,34;3,97;5,49
6,34;5,94;5,83;6,83;6,68;4,54;3,57;5,06
6,06;4,71;6,51;6,39;6,30;1,46;4,65;6,18
5,94;4,74;6,23;6,04;6,00;1,31;4,40;5,90
5,22;4,64;4,89;5,95;5,21;0,58;3,70;5,09
6,09;4,57;6,71;6,04;5,66;0,87;4,59;6,00
6,82;5,30;7,45;8,18;7,96;1,46;4,91;6,33
6,20;4,92;6,58;6,31;5,86;1,75;4,42;6,04
5,54;4,52;5,65;6,00;5,74;2,05;4,68;6,31
6,14;5,01;6,37;6,05;5,86;4,10;4,24;5,66
6,07;4,74;6,51;7,26;6,34;3,80;5,39;6,89
5,59;4,87;5,41;6,01;5,48;2,78;3,95;5,70
6,22;4,81;6,72;6,03;5,67;1,17;4,55;6,07
6,27;4,97;6,67;6,42;6,06;1,31;4,45;6,03
5,53;4,54;5,62;6,33;5,47;0,87;4,04;5,40
5,27;4,52;5,12;5,97;5,24;0,43;4,20;6,19
5,79;4,48;6,20;6,03;5,24;0,58;4,27;5,37
6,67;5,63;6,81;7,07;6,74;0,87;4,14;5,89
6,63;5,14;7,22;7,64;7,51;1,31;5,34;7,17
5,39;4,52;5,36;6,31;5,84;1,75;4,58;6,54
5,08;4,47;4,79;5,91;5,68;0,29;3,70;5,03
5,70;4,48;6,01;5,89;5,79;0,43;4,01;5,36
5,82;4,50;6,24;5,86;4,92;1,31;4,61;6,60
6,69;5,95;6,53;7,15;6,62;0,58;3,20;4,25
6,54;6,13;6,05;7,24;7,01;1,02;3,14;4,65
6,09;4,65;6,63;5,97;5,49;1,02;4,60;6,15
5,80;4,69;6,02;6,11;5,87;1,46;4,01;5,65
6,35;5,18;6,61;6,91;6,68;2,34;4,87;6,86
5,71;4,68;5,84;5,94;5,73;0,58;3,75;5,11
5,92;4,62;6,31;6,03;5,63;2,05;4,41;5,55
6,33;5,62;6,15;7,23;6,86;0,43;4,28;6,27
5,35;4,80;5,00;6,18;5,26;1,90;3,56;5,04
6,46;5,46;6,57;6,47;6,36;3,22;4,03;5,68
5,87;4,54;6,31;5,94;5,56;1,61;4,50;5,65
5,74;4,82;5,76;5,97;5,54;2,05;4,02;5,23
5,22;4,61;4,94;6,12;5,23;1,61;3,59;4,83
6,35;5,01;6,78;6,21;5,84;2,78;4,22;6,10
5,70;4,53;5,97;6,10;6,05;1,90;4,77;6,43
5,83;4,66;6,10;7,29;6,81;2,63;5,21;7,17
5,68;4,52;5,95;6,17;5,22;0,73;4,44;6,36
6,07;4,53;6,71;5,92;5,58;0,29;4,38;5,60
5,81;4,57;6,15;6,16;6,01;0,58;4,27;5,76
5,45;4,60;5,39;6,01;5,23;0,43;3,70;4,91
6,08;5,04;6,22;6,45;5,62;3,66;4,20;5,42
5,84;4,70;6,09;6,25;6,17;0,43;4,41;6,20
8,76;7,83;8,79;9,35;9,09;4,10;3,66;4,94
5,20;4,52;4,98;6,03;5,28;0,43;4,32;6,13
6,68;4,89;7,57;7,35;6,90;1,75;5,08;6,44
5,18;4,53;4,92;5,93;4,93;0,29;3,98;5,97
5,81;4,68;6,04;6,28;6,16;1,02;4,42;6,30
6,02;4,60;6,54;6,04;5,76;0,73;4,24;5,27
6,01;4,55;6,58;6,24;5,55;0,73;5,04;6,92
5,67;4,68;5,77;6,57;6,18;2,63;4,41;5,74
5,93;4,54;6,42;6,23;5,61;0,58;4,82;6,58
5,68;4,56;5,91;6,14;5,65;1,02;4,11;5,53
6,65;4,64;7,76;8,61;7,89;3,36;6,76;8,47
6,13;4,59;6,77;6,01;5,02;3,22;4,64;6,52
5,93;4,64;6,33;6,08;6,04;0,73;4,28;5,55
6,78;5,24;7,43;6,79;6,17;2,78;4,48;6,40
5,90;4,54;6,36;5,99;5,36;1,46;4,16;5,47
5,85;4,89;5,92;6,04;5,83;2,63;4,25;5,83
5,80;4,57;6,14;5,86;5,81;4,83;4,58;6,42
5,64;4,52;5,87;6,03;5,18;2,19;3,99;5,12
7,09;4,96;8,32;8,97;8,96;2,19;6,38;7,77
6,17;4,96;6,47;6,91;6,57;0,58;4,07;5,13
5,36;4,72;5,09;6,01;5,22;1,61;4,01;5,77
6,67;4,78;7,66;7,31;6,34;1,02;5,31;7,29
6,18;5,43;6,02;6,22;5,84;0,29;3,07;4,61
5,96;4,57;6,44;5,97;5,37;0,43;4,57;6,01
6,44;4,85;7,13;6,61;6,15;1,90;4,90;6,52
7,19;5,14;8,35;7,61;7,47;3,66;5,71;7,05
5,62;4,79;5,54;6,51;5,63;1,02;4,31;6,19
5,60;4,55;5,75;6,41;6,22;3,95;4,37;5,61
5,13;4,49;4,86;5,93;5,24;0,58;3,64;4,85
5,89;4,93;5,95;6,20;5,44;0,43;4,08;5,48
6,22;4,79;6,75;6,33;5,80;1,31;4,53;6,44
5,48;4,59;5,46;5,91;5,80;1,61;4,53;6,43
5,54;4,62;5,56;5,99;5,00;1,61;4,31;6,18
5,47;4,73;5,31;6,28;5,34;0,43;3,96;5,17
5,95;4,59;6,41;6,92;6,06;0,43;5,24;7,10
5,32;4,48;5,27;5,97;4,98;3,07;3,95;5,33
5,61;4,49;5,84;5,96;5,18;3,51;4,62;6,55
5,11;4,52;4,79;5,91;5,06;0,29;3,59;4,76
5,54;4,76;5,41;6,50;5,62;1,02;4,01;5,69
5,93;4,62;6,34;5,99;5,18;1,17;3,82;4,86
5,69;4,78;5,70;5,93;5,19;3,51;3,98;5,14
5,18;4,58;4,89;5,92;5,31;1,02;3,90;5,05
5,67;4,56;5,88;6,44;6,44;1,61;4,66;5,90
5,49;4,61;5,47;6,12;5,74;1,75;4,31;5,96
7,58;5,38;8,88;8,14;7,74;2,34;5,54;6,61
6,16;4,87;6,55;6,22;5,38;0,73;3,98;5,23
5,43;4,83;5,13;6,13;5,87;1,75;3,68;4,74
5,90;4,89;6,01;6,06;5,97;0,73;3,91;5,51
5,79;4,55;6,12;6,29;5,99;2,19;4,40;5,55
6,13;4,78;6,58;6,05;5,89;2,63;4,52;5,85
6,71;5,27;7,25;6,61;5,69;0,29;4,39;5,86
5,27;4,53;5,12;5,86;5,63;1,31;3,98;5,11
6,47;4,82;7,21;6,55;6,54;3,66;5,03;6,36
5,36;4,50;5,32;6,04;5,26;0,58;4,09;6,02
5,57;4,66;5,59;6,39;6,19;0,73;4,17;6,03
6,10;4,54;6,76;6,00;5,58;2,92;4,82;6,70
5,26;4,61;5,02;6,21;5,96;3,80;4,17;5,30
5,90;4,72;6,18;6,74;6,17;1,46;4,57;5,80
6,83;5,11;7,64;8,61;7,98;2,92;5,62;7,07
6,02;4,64;6,51;6,20;5,50;0,43;4,52;6,04
5,72;4,68;5,86;6,12;5,65;3,36;4,52;6,44
5,39;4,55;5,33;6,00;5,46;0,43;4,10;5,80
5,93;4,50;6,47;5,91;5,78;0,29;4,40;6,02
6,86;6,04;6,78;7,45;7,09;2,78;3,63;4,63
5,24;4,51;5,06;5,87;5,20;0,58;3,50;4,53
6,08;4,77;6,48;5,94;4,97;2,05;4,21;5,99
6,83;5,52;7,25;6,56;6,05;1,75;3,78;5,44
5,63;4,66;5,69;6,26;5,51;2,92;4,02;5,06
5,84;4,47;6,30;5,87;5,12;0,29;4,68;6,65
5,22;4,49;5,06;6,08;6,05;1,02;4,57;6,53
5,48;4,53;5,54;6,67;5,87;0,87;4,22;5,38
5,64;4,55;5,83;6,25;5,43;0,43;4,11;5,25
6,69;6,03;6,46;7,51;6,60;2,34;3,78;5,48
6,35;5,07;6,72;6,32;5,70;0,43;4,02;5,65
6,13;4,55;6,80;6,18;5,41;0,87;4,64;5,73
5,32;4,58;5,15;5,99;5,92;1,17;3,73;5,02
5,72;4,55;6,00;6,07;5,48;0,29;4,12;5,17
6,08;4,88;6,38;5,94;5,30;0,29;4,06;5,90
5,66;4,50;5,93;6,25;5,42;0,43;4,52;6,34
5,42;5,02;4,92;6,07;5,99;0,29;3,43;4,68
5,84;4,69;6,09;6,03;5,75;1,75;4,26;5,90
6,87;5,72;7,12;6,50;6,35;0,87;3,97;5,82
6,72;5,87;6,67;6,60;6,35;2,05;3,20;4,96
5,85;4,56;6,24;6,13;6,02;2,19;4,76;6,62
6,30;5,01;6,70;6,58;5,77;1,02;4,28;5,90
6,11;4,89;6,42;6,23;6,12;0,73;4,19;5,57
5,16;4,60;4,83;6,00;5,89;2,34;3,96;5,35
6,27;4,78;6,86;6,37;6,32;2,34;4,66;5,66
6,61;4,84;7,47;6,95;6,87;2,49;5,43;7,00
6,17;4,59;6,86;6,24;5,26;0,29;4,68;6,43
5,37;4,81;5,04;6,21;5,34;2,49;3,71;5,01
6,24;4,69;6,90;6,17;6,15;2,49;4,46;5,86
5,72;4,74;5,80;6,02;5,75;0,73;4,15;5,45
6,02;5,46;5,69;6,61;6,21;2,78;3,68;4,75
5,70;4,51;6,00;6,01;5,95;0,43;4,28;5,45
5,80;4,56;6,14;6,01;5,72;3,07;4,58;6,25
6,09;5,31;5,96;6,85;6,14;2,34;4,01;5,84
6,18;4,58;6,88;6,23;5,25;1,31;4,81;6,36
5,83;4,98;5,79;6,49;6,28;1,46;4,42;6,39
5,49;4,95;5,12;6,17;6,12;1,17;3,12;4,15
5,73;4,87;5,70;6,28;5,40;1,90;4,09;6,01
7,23;5,70;7,86;7,14;6,78;4,24;4,53;5,85
8,64;7,50;8,89;8,45;8,34;1,61;2,89;4,01
5,97;4,73;6,30;5,92;5,61;0,29;4,30;6,28
6,12;5,55;5,78;6,81;6,08;2,49;3,79;5,63
6,68;5,11;7,35;7,29;7,02;1,90;4,48;5,62
5,44;4,50;5,47;6,00;5,93;0,43;4,15;5,87
6,20;4,83;6,67;6,18;5,67;2,78;4,35;5,40
5,83;4,52;6,23;5,93;5,87;2,63;4,09;5,33
5,75;4,75;5,84;6,01;5,21;4,83;4,34;6,25
6,13;4,69;6,67;5,93;5,19;0,43;3,74;4,78
5,48;4,53;5,52;6,14;5,71;1,17;4,43;6,24
6,04;4,66;6,53;6,02;5,13;1,17;4,53;6,46
5,17;4,51;4,94;5,88;5,51;2,78;3,99;5,77
6,07;4,92;6,31;6,31;5,93;1,31;4,19;5,35
5,74;4,73;5,85;6,04;5,74;1,61;4,13;5,95
5,94;4,51;6,47;6,30;5,55;1,75;4,62;6,46
5,60;4,52;5,79;6,09;5,66;0,29;4,52;6,14
6,45;4,74;7,26;7,27;6,94;0,58;5,25;6,85
5,89;4,71;6,17;6,57;6,32;1,75;4,76;6,71
5,71;4,50;6,02;6,25;5,63;0,87;4,16;5,56
6,29;5,01;6,67;6,70;5,97;1,61;4,00;5,12
5,16;4,49;4,92;5,86;5,38;2,19;4,19;5,98
5,82;4,56;6,19;6,00;5,91;1,46;3,95;5,09
5,34;4,74;5,04;6,07;5,40;2,19;3,98;5,84
6,33;5,64;6,11;6,24;5,85;0,43;2,78;3,94
6,02;4,49;6,65;5,85;4,95;2,05;4,39;5,40
6,09;4,53;6,76;6,01;5,92;2,34;4,88;6,38
6,42;4,67;7,26;6,54;5,59;0,87;5,08;6,60
5,41;4,48;5,43;5,86;5,47;0,43;3,71;4,86
5,88;4,76;6,09;6,20;5,46;1,02;4,04;5,79
6,34;4,56;7,21;6,49;6,19;0,43;5,09;6,48
5,42;4,55;5,39;5,89;5,45;1,61;4,28;5,80
6,30;4,56;7,14;6,45;5,84;1,46;4,93;6,90
5,50;4,49;5,60;6,01;5,15;0,87;4,52;6,06
6,12;4,72;6,63;6,93;6,52;0,58;4,84;6,74
5,54;4,51;5,68;6,01;5,97;0,29;4,23;5,59
5,65;4,54;5,87;6,31;5,60;2,78;4,86;6,46
5,89;4,50;6,38;5,97;5,58;0,43;4,77;6,35
6,32;5,00;6,73;5,97;5,67;0,43;3,79;5,51
5,71;4,76;5,75;6,74;6,14;2,05;4,68;6,47
5,43;4,52;5,45;6,09;5,66;0,58;3,80;4,86
5,76;4,96;5,65;6,70;6,43;0,43;3,83;5,11
5,28;4,53;5,14;5,98;5,35;2,49;4,23;5,66
5,40;4,55;5,36;6,15;5,15;0,87;3,95;5,60
5,76;4,96;5,67;6,47;5,87;3,51;4,36;6,17
5,63;5,11;5,26;6,36;5,45;2,34;3,74;5,38
6,06;4,76;6,45;6,44;6,02;1,17;4,71;6,21
5,94;5,03;5,95;5,96;5,15;2,34;3,99;5,59
5,46;4,85;5,17;6,30;6,09;0,29;4,10;5,64
6,02;4,55;6,58;6,16;5,91;1,02;4,34;5,40
7,18;5,28;8,17;8,37;7,71;1,61;5,66;7,29
5,42;4,50;5,45;6,02;5,10;1,90;4,14;5,16
5,16;4,51;4,92;5,85;5,07;0,43;3,64;4,86
5,53;4,52;5,63;5,98;5,29;0,29;3,93;5,46
6,00;4,83;6,26;6,29;5,76;1,61;4,53;6,03
6,53;5,26;6,90;6,66;6,38;2,49;4,15;5,90
5,48;4,64;5,42;6,35;6,04;1,17;4,00;5,55
5,94;5,09;5,89;6,41;6,17;1,17;3,98;5,62
6,27;4,72;6,92;6,49;6,10;3,07;5,29;7,11
6,03;4,72;6,44;5,91;5,62;0,73;4,23;5,49
5,77;4,59;6,05;6,11;5,15;3,36;4,46;6,37
5,91;4,56;6,37;6,18;5,96;1,17;4,56;6,24
6,33;4,92;6,84;6,37;5,55;0,58;4,63;6,55
5,67;4,62;5,82;6,43;5,53;4,10;4,60;6,11
6,72;5,13;7,42;6,99;6,11;1,46;4,83;6,06
5,67;4,51;5,93;6,60;5,76;0,43;4,42;5,99
6,18;4,71;6,76;6,01;5,20;1,75;4,17;5,68
5,84;4,62;6,15;5,96;5,58;1,31;4,43;5,71
5,34;4,69;5,09;6,27;5,37;0,87;4,06;5,31
5,60;4,49;5,81;5,98;5,10;0,43;4,36;5,99
6,55;5,76;6,45;6,69;6,40;1,31;3,89;5,84
6,22;5,15;6,40;6,53;5,70;0,43;4,00;5,04
6,08;4,75;6,50;6,26;5,96;1,46;4,03;5,04
5,89;4,54;6,35;6,09;5,74;0,58;4,59;6,41
5,44;4,85;5,12;6,28;6,26;0,73;3,89;5,04
6,45;4,88;7,12;6,50;6,37;1,02;4,68;6,61
5,64;4,53;5,85;5,95;5,51;0,29;3,84;4,96
5,64;4,50;5,88;5,98;5,69;0,43;4,34;5,66
5,17;4,56;4,89;6,01;5,24;2,49;3,95;5,75
5,89;4,50;6,39;6,23;5,58;0,58;4,23;5,49
6,05;4,63;6,56;6,08;5,43;0,58;4,23;5,48
6,10;4,51;6,79;6,28;5,82;0,58;4,79;6,45
5,44;4,59;5,38;6,23;5,93;1,90;4,43;5,97
5,69;4,64;5,84;6,14;5,47;2,05;4,33;5,48
6,31;5,11;6,61;6,39;6,00;2,92;4,32;5,58
5,65;4,54;5,86;5,93;5,29;2,92;4,35;5,75
5,44;4,59;5,40;6,16;5,27;0,58;4,03;5,35
6,08;4,85;6,41;6,11;5,98;0,73;4,56;6,47
5,91;4,55;6,36;6,03;5,93;0,43;4,25;5,43
5,92;4,65;6,28;6,14;5,46;0,29;4,08;5,55
5,73;4,93;5,63;6,09;5,25;1,61;3,77;5,01
5,79;4,51;6,18;6,03;5,37;0,73;4,22;5,27
5,52;4,59;5,55;6,31;5,36;0,58;4,00;5,05
6,02;4,77;6,37;6,36;6,18;1,46;4,22;5,46
6,03;5,13;6,03;6,59;6,37;1,61;3,76;4,98
6,25;5,44;6,16;7,08;6,58;3,36;3,93;5,46
5,52;4,48;5,66;5,94;5,67;1,75;4,08;5,40
6,76;5,26;7,35;7,11;6,70;3,95;4,96;6,32
5,27;4,62;5,03;5,92;5,60;1,75;4,16;6,13
6,00;5,00;6,10;5,89;5,69;0,73;3,64;5,38
5,77;5,05;5,60;6,58;5,81;2,05;3,80;5,35
6,45;5,04;6,96;6,38;5,51;0,73;4,26;5,55
5,36;4,86;4,95;6,04;5,39;2,63;3,80;5,38
6,08;4,90;6,37;6,82;6,66;2,49;4,55;6,41
6,20;5,21;6,29;5,98;5,09;0,87;3,39;5,00
5,69;4,77;5,72;6,71;6,41;2,78;4,33;5,80
5,34;4,49;5,29;5,94;5,50;2,05;3,95;5,32
5,49;4,90;5,17;6,24;5,71;0,43;3,59;5,07
6,29;4,79;6,88;6,48;6,04;1,02;4,35;5,93
5,72;4,53;6,01;5,95;5,80;1,17;4,18;6,00
5,78;4,89;5,78;6,14;5,42;0,29;3,84;5,72
5,56;4,67;5,56;6,27;5,45;1,46;4,02;5,65
5,60;4,61;5,68;5,91;5,61;1,61;4,12;5,75
5,59;4,75;5,52;6,07;5,58;1,17;3,82;5,49
6,04;4,68;6,50;6,13;5,33;1,61;4,46;5,74
5,78;4,63;6,02;5,95;5,81;1,31;3,91;5,26
5,84;4,76;6,03;6,20;6,10;1,90;4,36;6,16
7,22;6,57;6,97;7,02;6,35;2,78;3,13;4,98
5,40;4,58;5,32;5,91;5,83;2,78;4,28;5,80
5,82;4,75;6,00;6,17;6,00;1,31;4,38;6,28
6,24;4,71;6,87;6,36;6,15;2,19;4,75;5,86
5,18;4,65;4,81;5,99;5,47;0,58;3,56;4,94
5,33;4,59;5,17;6,01;5,42;1,17;3,55;4,67
5,55;4,57;5,62;5,97;5,82;0,29;3,97;5,67
6,03;4,89;6,27;6,98;6,54;0,73;4,27;5,38
5,87;4,62;6,23;6,02;5,59;1,90;4,39;5,96
6,63;4,69;7,67;7,02;6,57;0,58;5,44;6,76
5,52;4,55;5,59;6,12;5,72;0,43;4,05;5,81
5,38;4,79;5,07;6,21;5,43;0,58;3,97;5,96
5,82;4,68;6,07;6,04;5,14;1,75;4,38;6,14
6,25;4,59;7,02;6,68;6,47;3,07;4,79;5,87
5,64;4,58;5,81;5,96;5,81;0,58;4,38;6,05
6,07;4,57;6,67;5,96;5,85;1,31;4,36;6,11
5,31;4,53;5,20;6,23;5,47;0,29;4,46;6,26
5,62;4,67;5,66;5,94;4,97;0,58;3,76;4,82
5,47;4,57;5,48;6,01;5,92;1,75;4,31;5,57
5,98;4,68;6,39;6,07;6,05;0,58;4,19;5,94
6,00;5,08;6,03;6,62;6,61;1,17;4,46;6,43
6,05;4,50;6,71;6,16;5,90;1,46;4,58;5,71
5,56;4,56;5,66;6,33;6,12;2,78;4,51;6,38
6,03;4,55;6,62;5,99;5,29;0,73;4,85;6,62
5,65;4,84;5,56;6,11;5,42;0,87;4,01;5,54
5,61;4,60;5,72;6,07;5,68;1,17;4,54;6,28
6,32;4,82;6,93;6,25;5,37;1,02;4,11;5,54
6,30;5,07;6,64;6,55;6,37;0,73;4,29;6,18
6,03;4,80;6,37;6,23;5,76;0,58;4,69;6,58
5,46;4,76;5,27;6,24;5,64;0,87;3,68;4,68
5,60;4,54;5,75;5,97;5,50;1,02;4,16;5,19
5,88;4,77;6,09;5,97;5,82;0,29;4,21;6,10
6,05;4,63;6,56;6,30;5,41;1,61;4,32;5,48
5,54;4,54;5,65;5,95;5,85;1,17;3,93;5,33
5,80;4,84;5,85;6,05;5,31;1,61;3,96;5,90
6,49;5,27;6,81;6,24;6,00;1,31;3,58;5,08
6,01;4,59;6,53;5,99;5,93;2,34;4,60;5,72
6,09;4,62;6,66;6,07;5,37;0,29;4,84;6,73
5,40;4,50;5,40;6,28;6,26;0,43;4,28;5,67
5,79;4,60;6,09;6,07;5,48;1,02;4,30;5,73
5,34;4,66;5,12;6,06;6,01;3,36;3,78;5,03
6,18;4,67;6,78;6,02;6,00;1,61;4,41;5,42
6,35;5,06;6,73;6,39;5,62;3,36;4,50;6,37
5,74;4,70;5,88;6,11;5,39;0,73;4,03;5,14
6,01;4,53;6,58;5,87;5,61;1,17;4,76;6,24
5,59;4,52;5,77;5,96;5,01;0,29;4,14;5,49
5,86;4,55;6,26;5,96;5,72;1,75;4,53;6,31
5,26;4,55;5,07;6,27;5,65;4,24;4,40;6,02
6,29;5,18;6,51;6,45;6,09;1,17;4,04;5,82
5,55;4,53;5,67;5,91;5,55;1,31;3,95;5,33
5,92;4,53;6,40;6,61;6,47;1,75;5,18;7,07
5,50;4,68;5,43;6,36;5,57;3,66;3,96;5,05
5,24;4,54;5,04;6,23;5,39;2,78;4,09;5,09
5,36;4,59;5,22;6,27;6,00;0,43;4,22;5,86
6,43;5,01;6,95;6,50;6,05;1,90;4,56;6,14
6,06;4,59;6,64;5,99;5,24;1,17;4,25;5,31
6,03;4,85;6,31;6,45;6,00;1,90;4,15;5,26
5,16;4,49;4,93;5,92;5,09;0,29;3,47;4,59
5,59;4,89;5,40;6,19;5,21;0,73;4,09;5,57
5,41;4,59;5,33;6,05;5,06;0,73;4,40;6,02
6,29;5,31;6,37;6,42;5,64;0,73;3,72;5,54
6,04;4,75;6,44;6,12;5,84;1,46;4,36;5,63
6,46;5,16;6,86;8,03;7,06;3,51;5,25;6,83
6,05;4,56;6,64;5,95;5,62;1,46;4,95;6,79
5,93;4,65;6,32;6,02;5,10;4,24;4,57;6,53
6,91;5,19;7,73;7,38;6,52;4,10;4,97;6,27
6,10;5,33;5,96;7,08;6,40;1,02;4,00;5,63
6,44;5,26;6,72;6,48;5,66;1,46;4,06;5,97
6,15;4,65;6,75;6,19;6,06;0,73;4,65;6,22
5,18;4,48;4,99;5,86;5,82;2,63;3,74;5,00
5,63;4,49;5,87;5,86;5,60;1,61;4,07;5,32
5,72;4,58;5,96;5,93;5,79;0,29;4,28;5,71
5,40;4,49;5,40;6,02;5,54;1,90;4,45;5,73
6,18;5,01;6,45;6,72;6,03;3,07;4,61;6,17
5,88;4,57;6,29;6,34;6,03;0,87;4,63;6,30
5,38;4,56;5,29;5,98;5,25;1,75;3,94;5,05
6,92;6,51;6,43;6,96;6,17;3,22;2,68;4,47
5,57;4,50;5,75;5,92;5,75;2,63;4,63;6,01
5,82;4,72;6,03;6,19;5,82;0,73;4,37;5,84
6,98;5,51;7,56;7,08;6,64;2,63;4,51;6,04
5,60;4,77;5,52;5,92;5,03;0,73;3,78;5,73
5,97;4,55;6,50;6,03;5,20;0,43;4,15;5,24
5,75;4,95;5,65;6,63;5,85;0,43;4,11;5,90
5,74;5,02;5,55;5,99;5,34;3,95;3,97;5,17
6,07;4,93;6,30;6,15;6,09;1,17;3,92;5,61
5,96;4,64;6,37;6,41;6,33;1,90;4,56;6,28
5,42;4,52;5,42;6,07;5,88;1,17;4,35;6,08
5,36;4,60;5,21;5,95;5,66;0,29;3,83;5,71
5,59;4,51;5,77;6,04;5,18;0,43;4,29;5,78
6,43;5,13;6,84;6,67;6,51;1,31;4,27;5,75
5,18;4,66;4,79;5,95;5,21;2,63;4,18;5,84
6,32;5,35;6,39;6,59;6,03;3,66;4,04;5,27
6,18;4,67;6,79;6,10;5,48;0,87;4,20;5,32
5,25;4,63;4,97;6,13;5,40;1,31;3,95;5,45
5,48;4,55;5,52;6,09;5,15;0,29;4,24;5,64
5,84;4,80;5,98;6,09;5,47;1,17;3,75;4,94
5,38;4,87;5,00;6,06;5,95;0,43;3,80;5,49
5,23;4,54;5,01;5,99;5,40;1,17;4,05;5,43
6,13;5,40;5,96;6,63;6,61;0,58;3,52;5,04
6,17;4,70;6,75;6,20;5,42;0,29;4,34;5,86
5,81;4,67;6,06;5,99;5,73;1,31;4,29;6,21
5,56;4,73;5,49;6,41;5,70;2,63;4,10;5,66
6,08;4,51;6,75;5,99;5,35;2,49;4,67;6,41
5,56;4,62;5,60;6,06;5,68;1,02;4,05;5,51
6,11;4,58;6,74;6,03;5,42;1,46;4,68;6,39
5,85;4,57;6,24;6,00;5,88;0,43;4,51;6,33
5,98;4,59;6,47;5,96;5,60;1,02;4,28;5,87
5,80;4,59;6,11;5,91;5,74;0,58;3,92;5,21
8,84;8,84;7,94;7,67;7,56;2,92;0,94;2,37
6,24;4,79;6,78;6,28;6,26;3,07;4,45;6,12
5,28;4,75;4,92;5,91;5,03;0,43;3,61;5,53
5,65;4,70;5,70;6,06;5,57;3,07;4,66;6,64
6,76;6,51;6,12;6,85;6,39;2,49;2,26;3,65
6,52;5,45;6,69;6,13;5,17;1,46;3,85;5,69
5,48;4,59;5,47;6,05;5,70;0,29;4,30;5,85
5,82;4,58;6,17;6,20;5,24;2,49;4,47;6,21
6,30;5,35;6,35;6,78;5,90;0,87;4,36;6,29
5,99;4,57;6,50;6,00;5,27;0,58;4,37;5,84
6,03;4,53;6,62;5,98;5,66;0,43;4,72;6,39
5,28;4,55;5,10;5,96;5,83;0,87;4,11;5,99
6,01;4,66;6,47;5,98;5,75;1,46;4,35;6,29
5,75;4,81;5,79;6,47;6,11;2,05;4,48;5,75
7,10;5,06;8,24;7,77;7,38;1,17;5,53;6,57
5,43;4,65;5,31;5,88;5,06;0,87;3,66;5,33
6,13;4,50;6,87;6,19;5,76;1,46;4,65;5,80
5,26;4,52;5,09;5,98;5,57;0,73;4,15;5,36
6,22;4,60;6,93;6,34;5,55;1,02;4,58;6,18
6,75;5,53;7,07;7,01;6,98;1,61;4,01;5,87
6,12;5,65;5,68;6,40;6,15;1,46;3,04;4,16
5,38;4,56;5,30;6,37;5,92;0,58;4,55;6,39
5,86;4,89;5,92;6,11;5,13;3,07;4,13;5,84
5,49;4,54;5,53;5,93;5,82;1,46;4,15;5,77
5,59;4,56;5,72;6,01;5,48;3,07;4,40;5,54
8,53;6,21;9,95;9,95;9,09;0,73;5,54;6,77
6,25;4,60;7,00;6,22;5,95;1,46;5,21;7,05
5,87;4,55;6,30;5,90;5,69;0,29;4,01;5,46
5,32;4,53;5,21;6,00;5,94;0,43;4,30;6,08
5,93;4,64;6,31;6,19;5,31;0,73;4,33;5,35
5,92;4,48;6,46;5,89;5,27;1,46;4,31;5,48
5,82;4,72;6,01;6,46;5,78;2,19;4,57;5,98
6,63;5,87;6,49;6,53;6,13;1,17;2,96;4,17
5,95;4,55;6,45;7,01;6,80;1,17;4,99;6,43
6,00;5,04;6,06;7,21;6,49;1,75;4,48;6,09
5,27;4,79;4,85;5,91;4,92;0,43;3,56;5,09
5,24;4,57;5,02;5,86;5,38;0,73;3,47;4,48
6,22;4,71;6,83;6,24;5,90;1,31;4,28;5,37
5,25;4,49;5,11;6,12;6,04;3,51;4,24;5,95
5,87;4,56;6,28;5,91;5,59;2,19;4,67;6,44
5,27;4,55;5,09;5,92;5,00;1,61;4,16;5,93
5,58;4,65;5,61;6,06;5,91;0,87;4,14;5,29
5,60;4,87;5,42;6,29;5,60;1,90;4,02;5,60
5,41;4,61;5,32;6,10;5,36;0,87;4,33;5,90
5,83;4,61;6,14;5,96;5,07;1,90;4,31;6,28
8,10;7,66;7,63;8,07;7,72;1,46;2,51;4,26
5,96;4,54;6,48;6,00;5,58;2,78;4,90;6,48
5,85;4,50;6,31;5,88;4,88;0,87;4,80;6,53
5,51;4,67;5,46;6,08;5,97;2,49;4,69;6,67
5,24;4,60;4,98;5,90;5,08;0,29;3,60;5,12
5,38;4,64;5,22;6,15;5,94;0,58;3,98;5,96
5,78;5,32;5,34;6,35;6,19;2,05;3,54;4,66
5,58;4,53;5,73;5,93;5,21;0,73;3,81;5,16
5,99;4,75;6,34;6,63;5,64;0,29;4,49;6,02
6,16;4,57;6,85;6,36;5,81;0,29;4,73;6,21
5,63;4,52;5,85;5,97;5,21;1,75;4,36;5,39
5,80;4,60;6,09;6,26;5,94;0,87;4,46;5,72
5,38;4,58;5,29;5,96;5,18;2,34;4,32;5,88
6,84;5,94;6,85;6,83;6,45;4,54;3,58;4,83
6,66;5,01;7,41;7,04;6,54;0,43;4,63;6,06
5,67;4,71;5,72;6,39;5,51;1,46;4,16;5,33
5,82;4,74;6,00;6,04;5,85;1,31;3,95;5,47
5,96;4,64;6,39;5,95;5,09;0,58;4,10;5,52
5,74;4,57;6,02;6,04;5,18;0,87;4,18;5,95
5,29;4,56;5,12;5,90;5,14;2,19;3,97;5,61
6,17;4,92;6,52;6,31;5,57;1,75;4,57;6,32
6,08;4,82;6,45;6,78;6,32;2,34;4,31;5,47
6,32;4,53;7,21;6,43;5,83;1,61;5,20;6,93
5,31;4,52;5,20;6,00;5,48;2,05;4,51;6,23
6,05;4,74;6,46;7,26;6,63;3,80;5,21;6,87
5,75;4,81;5,80;6,03;5,11;1,17;3,89;5,10
5,58;4,97;5,29;6,42;6,22;1,31;3,92;5,22
6,12;4,54;6,80;6,33;6,16;0,87;4,74;6,15
5,15;4,52;4,88;5,97;5,12;0,43;3,98;5,23
5,18;4,48;4,98;6,03;5,96;0,58;3,64;4,84
7,09;5,63;7,66;7,07;6,45;0,87;4,16;5,26
6,82;5,14;7,59;7,64;7,38;1,31;5,08;6,61
5,92;4,63;6,31;5,97;5,03;1,31;4,12;5,49
5,30;4,59;5,12;6,01;5,99;1,31;4,02;5,35
5,43;4,47;5,48;5,91;5,15;0,29;4,08;5,95
5,42;4,48;5,45;5,89;5,82;0,43;4,13;5,30
5,16;4,50;4,93;5,99;5,15;0,43;4,18;6,16
7,32;5,95;7,78;7,15;6,78;0,58;4,10;5,55
7,29;6,13;7,55;7,24;6,34;1,02;3,69;5,52
5,24;4,65;4,93;5,97;4,97;1,02;3,95;5,66
5,77;4,64;6,00;6,36;5,86;0,87;4,36;5,71
5,41;4,50;5,43;5,84;4,90;1,02;4,11;5,15
5,32;4,62;5,12;6,03;5,62;2,05;4,04;5,13
7,02;5,62;7,53;7,23;7,10;0,43;4,17;5,75
5,79;4,80;5,89;6,18;5,96;1,90;4,09;6,06
6,27;5,46;6,18;6,47;5,80;3,22;3,71;5,50
5,40;4,54;5,36;5,94;5,45;1,61;3,85;5,09
6,08;4,82;6,44;5,97;5,05;2,05;4,15;5,29
5,62;5,12;5,22;6,24;6,06;2,19;3,61;5,51
5,72;4,84;5,69;6,12;6,06;0,58;3,92;5,88
6,25;4,82;6,79;6,54;6,05;2,63;4,37;5,82
5,55;4,61;5,60;6,12;5,74;1,61;4,55;6,54
5,42;4,70;5,24;6,14;5,38;1,46;3,61;4,90
5,63;4,53;5,83;6,10;5,12;1,90;4,30;5,51
6,03;4,52;6,64;6,17;5,74;0,73;4,62;6,36
5,82;4,86;5,88;6,12;5,66;4,10;4,28;5,63
6,02;4,54;6,61;5,91;5,69;0,58;4,64;6,09
5,62;4,53;5,82;5,92;5,21;0,29;4,61;6,40
5,44;4,50;5,49;5,93;5,26;0,58;4,18;5,47
6,55;5,04;7,17;6,45;6,01;3,66;4,78;6,33
5,97;4,70;6,34;6,25;6,16;0,43;4,20;5,97
6,08;4,89;6,37;7,35;6,88;1,75;5,34;7,19
6,23;4,68;6,88;6,28;5,72;1,02;4,60;6,09
6,14;4,60;6,79;6,04;5,21;0,73;4,51;5,74
5,64;4,55;5,84;6,24;5,83;0,73;4,32;5,62
6,02;4,53;6,61;5,91;5,76;0,29;4,44;6,26
5,27;4,56;5,08;6,14;5,32;1,02;4,36;6,08
5,29;4,66;5,02;6,08;6,01;0,73;4,06;5,44
5,30;4,48;5,22;6,00;5,52;0,58;4,30;6,06
6,86;5,24;7,58;6,79;6,45;2,78;4,36;5,79
6,64;5,77;6,62;6,72;6,11;2,19;3,25;4,34
5,46;4,52;5,49;6,03;5,14;2,19;4,65;6,46
7,58;4,96;9,29;8,97;8,71;2,19;6,30;7,32
6,48;4,96;7,10;6,91;6,65;0,58;4,66;6,31
6,77;5,68;6,96;6,50;6,17;2,34;3,33;4,60
5,36;4,72;5,10;6,01;5,10;1,61;3,74;4,98
6,57;5,09;7,14;6,46;5,74;1,61;3,98;5,12
6,11;4,58;6,74;6,27;5,91;0,58;4,34;5,69
6,41;4,85;7,07;6,61;6,38;1,90;4,59;6,41
6,52;5,14;7,00;7,61;7,58;3,66;4,60;5,76
6,28;4,65;7,01;6,22;5,67;3,07;5,07;6,46
6,27;4,66;6,97;6,21;5,87;0,73;4,37;5,56
6,29;4,79;6,89;6,51;5,70;1,02;4,45;5,71
5,85;4,55;6,24;6,41;6,16;3,95;4,97;6,77
5,53;4,49;5,68;5,93;5,72;0,58;4,64;6,44
5,96;4,64;6,38;6,62;6,19;1,90;4,82;5,98
6,00;4,93;6,17;6,20;5,74;0,43;3,99;5,91
5,38;4,59;5,26;5,91;4,92;1,61;3,74;4,80
5,81;4,62;6,10;5,99;5,75;1,61;4,25;6,04
5,61;4,73;5,60;6,28;5,50;0,43;4,37;5,98
6,06;4,59;6,64;6,92;6,05;0,43;4,85;6,40
6,84;5,26;7,52;6,86;6,14;1,61;4,33;5,89
6,04;4,48;6,70;5,97;5,45;3,07;4,60;5,98
5,97;4,49;6,56;5,96;5,22;3,51;4,61;5,81
6,08;4,76;6,50;6,50;5,67;1,02;4,27;5,82
6,07;4,62;6,61;5,99;5,36;1,17;4,11;5,59
5,21;4,53;5,00;5,91;5,90;1,31;3,89;5,60
5,89;4,78;6,11;5,93;5,79;3,51;4,28;5,79
6,02;4,50;6,65;6,02;5,47;2,05;4,63;6,35
5,56;4,61;5,61;6,12;5,15;1,75;4,45;6,07
7,38;5,38;8,48;8,14;7,25;2,34;5,31;6,32
5,75;4,87;5,74;6,22;5,23;0,73;4,00;5,17
5,61;4,83;5,49;6,13;5,97;1,75;3,60;4,75
6,00;5,27;5,84;6,61;6,04;0,29;3,53;4,58
5,75;4,53;6,06;5,86;5,23;1,31;4,22;5,68
5,60;4,85;5,45;6,54;5,89;1,02;4,38;6,20
5,62;4,65;5,69;6,05;5,67;0,29;4,20;5,69
5,86;4,78;6,03;6,17;6,15;1,61;4,42;5,88
5,62;4,50;5,85;6,04;5,11;0,58;4,19;5,79
6,74;5,08;7,49;7,48;7,11;1,61;5,44;7,20
5,62;4,66;5,68;6,39;5,42;0,73;4,66;6,50
5,63;4,54;5,83;6,00;5,75;2,92;4,10;5,30
6,85;5,11;7,69;8,61;8,16;2,92;5,52;6,64
5,51;4,51;5,61;6,47;5,80;1,90;4,42;5,81
5,63;4,64;5,73;6,20;5,86;0,43;4,28;5,81
6,68;5,65;6,81;6,73;6,19;0,73;3,53;4,62
5,46;4,57;5,45;6,36;5,97;3,66;4,75;6,69
6,15;4,68;6,73;6,12;5,73;3,36;4,81;6,64
6,03;5,55;5,61;6,34;6,11;2,92;3,63;5,54
5,83;4,61;6,15;6,44;5,98;1,90;4,63;6,41
6,27;5,52;6,11;6,56;6,03;1,75;3,47;5,31
5,91;4,66;6,27;6,26;5,96;2,92;4,18;5,48
5,95;4,47;6,53;5,93;5,77;4,10;4,73;6,44
6,31;5,17;6,54;6,81;6,18;5,27;4,89;6,87
6,21;4,77;6,75;6,10;5,65;0,29;4,11;5,40
5,67;4,49;5,95;6,08;5,24;1,02;4,49;5,78
5,42;4,52;5,41;6,02;5,66;0,29;4,48;6,44
5,90;4,53;6,37;6,67;6,35;0,87;4,69;6,12
5,31;4,55;5,18;6,25;5,69;0,43;3,91;5,24
5,90;4,50;6,40;6,17;5,36;2,78;4,80;6,18
5,21;4,65;4,87;5,96;5,53;1,61;3,81;5,69
5,97;4,55;6,48;6,18;5,72;0,87;4,16;5,30
6,24;4,99;6,58;6,88;6,75;0,29;4,73;6,29
6,18;4,76;6,70;6,11;5,43;1,46;4,40;6,13
5,73;4,58;5,98;5,99;5,67;1,17;4,25;6,17
5,52;4,53;5,62;6,51;6,29;1,75;4,51;5,71
5,70;4,49;6,00;6,19;5,60;0,58;4,37;5,38
5,43;4,52;5,44;6,14;6,13;2,63;4,29;5,37
5,60;4,50;5,79;6,25;5,54;0,43;4,43;5,91
6,18;5,02;6,43;6,07;5,79;0,29;3,38;4,50
6,02;4,69;6,44;6,03;5,82;1,75;4,41;5,85
6,67;5,72;6,71;6,50;5,71;0,87;3,57;5,17
5,91;4,94;5,98;6,10;5,76;2,78;3,75;5,14
6,89;5,87;7,00;6,60;5,91;2,05;3,16;4,37
5,47;4,56;5,47;6,13;5,50;2,19;4,57;6,06
6,05;4,98;6,23;7,05;6,80;1,46;4,57;6,27
6,09;4,89;6,40;6,23;6,23;0,73;4,06;5,12
5,23;4,60;4,95;6,00;5,13;2,34;4,15;5,45
5,37;4,69;5,14;6,08;5,61;0,58;3,58;4,69
5,99;4,78;6,30;6,37;5,38;2,34;4,25;5,86
5,88;4,81;6,04;6,24;5,31;3,66;4,40;5,72
6,04;4,59;6,60;6,24;5,55;0,29;4,55;5,66
6,01;4,81;6,32;6,21;6,18;2,49;4,14;5,67
6,00;4,69;6,41;6,17;5,49;2,49;4,26;5,53
5,80;4,57;6,12;5,91;5,24;1,31;4,02;5,36
5,86;4,74;6,08;6,02;5,62;0,73;4,26;5,93
6,10;5,46;5,85;6,61;5,98;2,78;3,63;4,95
5,62;4,51;5,84;6,01;5,39;0,43;3,90;5,22
5,84;4,56;6,21;6,01;5,84;3,07;4,21;5,30
6,62;5,31;7,03;6,85;6,34;2,34;4,17;5,59
6,20;4,58;6,92;6,23;6,07;1,31;4,34;5,62
5,41;4,72;5,20;6,03;5,50;0,87;4,14;5,60
5,98;4,98;6,07;6,49;5,87;1,46;4,04;5,18
5,15;4,56;4,85;6,01;5,30;2,19;3,72;4,96
5,61;4,69;5,62;6,31;5,56;1,17;3,91;5,34
6,40;4,95;6,94;6,17;6,09;1,17;4,69;6,44
6,93;5,70;7,27;7,14;6,56;4,24;4,32;5,42
5,98;4,73;6,34;5,92;5,21;0,29;4,11;6,03
6,12;4,54;6,81;6,30;6,11;1,46;4,76;6,56
6,79;5,55;7,14;6,81;6,73;2,49;3,76;4,91
5,56;4,93;5,29;6,09;5,59;1,31;3,52;4,69
6,82;5,11;7,62;7,29;7,18;1,90;4,91;6,20
5,29;4,50;5,18;6,00;5,98;0,43;4,47;6,39
5,68;4,83;5,63;6,18;5,69;2,78;3,93;5,54
5,43;4,52;5,44;5,93;5,74;2,63;4,72;6,72
5,81;4,75;5,97;6,01;5,49;4,83;4,02;5,43
5,95;4,97;6,04;5,92;5,28;1,02;3,47;4,85
5,17;4,54;4,89;5,89;5,29;1,17;3,56;4,89
6,13;4,69;6,67;5,93;5,80;0,43;4,36;5,60
5,73;4,53;6,04;6,14;5,37;1,17;4,43;6,08
5,58;4,66;5,60;6,02;5,19;1,17;3,97;5,54
6,10;4,73;6,56;6,04;5,13;1,61;4,56;6,43
5,45;4,54;5,46;5,98;5,64;1,02;4,27;5,89
5,79;4,56;6,12;6,01;5,81;1,61;4,36;5,95
5,49;4,50;5,59;6,25;6,16;0,87;4,48;5,93
6,35;5,01;6,79;6,70;6,48;1,61;4,60;6,15
5,50;4,51;5,59;6,11;5,35;0,73;4,73;6,64
5,86;4,56;6,27;6,00;5,57;1,46;4,43;5,61
6,22;5,11;6,43;6,24;5,40;1,75;3,75;4,95
6,93;5,15;7,81;7,62;7,44;2,34;4,91;6,24
5,68;4,67;5,78;6,54;5,65;0,87;4,01;5,10
5,96;4,59;6,44;5,98;5,66;0,87;4,19;5,54
5,91;4,48;6,43;5,86;4,98;0,43;4,65;6,64
6,26;4,76;6,87;6,20;5,21;1,02;3,96;4,98
6,45;4,87;7,14;6,53;5,89;1,46;4,92;6,54
5,64;4,56;5,81;6,49;5,68;0,43;4,77;6,52
5,31;4,55;5,18;5,89;4,93;1,61;4,12;5,84
5,38;4,56;5,29;6,45;6,20;1,46;4,55;5,89
5,38;4,49;5,37;6,01;5,61;0,87;4,29;5,85
6,57;4,72;7,52;6,93;6,20;0,58;4,66;5,67
5,58;4,50;5,75;5,97;5,26;0,43;4,22;5,81
6,02;4,83;6,32;6,53;6,28;1,02;4,24;6,06
5,92;4,65;6,28;5,95;4,98;0,87;4,45;6,30
6,55;4,76;7,43;6,74;6,50;2,05;5,48;7,43
5,83;4,52;6,24;6,09;5,27;0,58;4,18;5,29
6,05;4,47;6,72;6,01;5,72;1,02;4,67;6,50
5,88;4,52;6,35;5,94;5,53;0,58;4,48;5,86
6,51;4,96;7,16;6,70;5,78;0,43;4,57;6,03
5,79;4,57;6,10;6,13;5,46;0,73;4,42;6,38
6,12;4,96;6,39;6,47;6,33;3,51;4,37;6,04
